entry,expiry,year,spot_entry,vix9d,vix3m,contango,short_strike,long_strike,credit,payout,pnl,win
2016-01-08,2016-01-15,2016,191.923,0.2798,0.2623,0.9374553252323088,185,180.0,0.4097728859270333,0.0,0.4097728859270333,True
2016-01-15,2016-01-22,2016,187.81,0.29600000000000004,0.2688,0.9081081081081079,180,175.0,0.3340703848119775,0.0,0.3340703848119775,True
2016-01-22,2016-01-29,2016,190.52,0.2259,0.24280000000000002,1.0748118636564854,180,175.0,0.05713919317402766,0.0,0.05713919317402766,True
2016-01-29,2016-02-05,2016,193.7208,0.1937,0.2266,1.1698502839442435,185,180.0,0.07712041525893187,0.0,0.07712041525893187,True
2016-02-05,2016-02-12,2016,187.95,0.2296,0.24480000000000002,1.0662020905923346,180,175.0,0.17239287996891695,0.0,0.17239287996891695,True
2016-02-12,2016-02-19,2016,186.63,0.2271,0.2623,1.1549977983267283,180,175.0,0.26923103055609854,0.0,0.26923103055609854,True
2016-02-19,2016-02-26,2016,192.0,0.1822,0.228,1.251372118551043,185,180.0,0.13524884180837993,0.0,0.13524884180837993,True
2016-02-26,2016-03-04,2016,195.0892,0.1856,0.2186,1.177801724137931,185,180.0,0.03166548612165185,0.0,0.03166548612165185,True
2016-03-04,2016-03-11,2016,200.43,0.1586,0.1963,1.237704918032787,190,185.0,0.011891917421386233,0.0,0.011891917421386233,True
2016-03-11,2016-03-18,2016,202.76,0.152,0.19469999999999998,1.2809210526315788,195,190.0,0.0564770960881929,0.0,0.0564770960881929,True
2016-03-18,2016-03-24,2016,204.38,0.1247,0.1793,1.4378508420208498,195,190.0,0.0025133074511872423,0.0,0.0025133074511872423,True
2016-04-01,2016-04-08,2016,206.92,0.1092,0.165,1.510989010989011,200,195.0,0.019227876280691232,0.0,0.019227876280691232,True
2016-04-08,2016-04-15,2016,204.4992,0.1359,0.1832,1.3480500367917587,195,190.0,0.00932727722531292,0.0,0.00932727722531292,True
2016-04-15,2016-04-22,2016,207.78,0.122,0.1716,1.4065573770491804,200,195.0,0.019588477001300897,0.0,0.019588477001300897,True
2016-04-22,2016-04-29,2016,208.97,0.1193,0.1664,1.3948030176026822,200,195.0,0.00648109605585606,0.0,0.00648109605585606,True
2016-04-29,2016-05-06,2016,206.3308,0.1479,0.1845,1.2474645030425964,200,195.0,0.12208537457553881,0.0,0.12208537457553881,True
2016-05-06,2016-05-13,2016,205.72,0.1338,0.1827,1.3654708520179373,195,190.0,0.0031361674175736987,0.0,0.0031361674175736987,True
2016-05-13,2016-05-20,2016,204.76,0.14150000000000001,0.1825,1.2897526501766783,195,190.0,0.01033401872529362,0.0,0.01033401872529362,True
2016-05-20,2016-05-27,2016,205.49,0.1273,0.1805,1.4179104477611941,195,190.0,0.0024124455263729305,0.0,0.0024124455263729305,True
2016-05-27,2016-06-03,2016,210.24,0.0977,0.1631,1.669396110542477,200,195.0,0.00021762728784104288,0.0,0.00021762728784104288,True
2016-06-03,2016-06-10,2016,210.28,0.1011,0.1649,1.6310583580613254,200,195.0,0.00032288224684494805,0.0,0.00032288224684494805,True
2016-06-10,2016-06-17,2016,210.07,0.1583,0.1894,1.1964624131396084,200,195.0,0.021429262059397394,0.0,0.021429262059397394,True
2016-06-17,2016-06-24,2016,206.52,0.22,0.21309999999999998,0.9686363636363635,200,195.0,0.3488813589783595,0.0,0.3488813589783595,True
2016-06-24,2016-07-01,2016,203.2425,0.3071,0.23929999999999998,0.7792250081406707,195,190.0,0.3945511776184434,0.0,0.3945511776184434,True
2016-07-01,2016-07-08,2016,209.9208,0.1185,0.1765,1.489451476793249,200,195.0,0.0026539617907402305,0.0,0.0026539617907402305,True
2016-07-08,2016-07-15,2016,212.65,0.1143,0.1649,1.442694663167104,205,200.0,0.016919058867466075,0.0,0.016919058867466075,True
2016-07-15,2016-07-22,2016,215.83,0.1026,0.15990000000000001,1.5584795321637428,205,200.0,0.00028349982385940896,0.0,0.00028349982385940896,True
2016-07-22,2016-07-29,2016,217.24,0.10220000000000001,0.158,1.5459882583170252,210,205.0,0.013352758016124662,0.0,0.013352758016124662,True
2016-07-29,2016-08-05,2016,217.12,0.1001,0.1542,1.5404595404595405,210,205.0,0.012861732488614263,0.0,0.012861732488614263,True
2016-08-05,2016-08-12,2016,218.18,0.09179999999999999,0.1514,1.6492374727668848,210,205.0,0.002216855897154043,0.0,0.002216855897154043,True
2016-08-12,2016-08-19,2016,218.46,0.09539999999999998,0.15259999999999999,1.59958071278826,210,205.0,0.002362304071272403,0.0,0.002362304071272403,True
2016-08-19,2016-08-26,2016,218.54,0.094,0.15130000000000002,1.6095744680851065,210,205.0,0.0018775645569538547,0.0,0.0018775645569538547,True
2016-08-26,2016-09-02,2016,217.29,0.121,0.1624,1.3421487603305784,210,205.0,0.03599049305825913,0.0,0.03599049305825913,True
2016-09-02,2016-09-09,2016,218.37,0.091,0.1565,1.7197802197802199,210,205.0,0.0016432831368994828,0.0,0.0016432831368994828,True
2016-09-09,2016-09-16,2016,213.28,0.18780000000000002,0.1883,1.0026624068157612,205,200.0,0.13152802414053744,0.0,0.13152802414053744,True
2016-09-16,2016-09-23,2016,213.36,0.1527,0.1788,1.1709233791748526,205,200.0,0.05408107246141208,0.0,0.05408107246141208,True
2016-09-23,2016-09-30,2016,216.02,0.1139,0.1605,1.4091308165057068,205,200.0,0.0008124778919561143,0.0,0.0008124778919561143,True
2016-09-30,2016-10-07,2016,216.35,0.12369999999999999,0.1637,1.3233629749393696,205,200.0,0.0014444410845251814,0.0,0.0014444410845251814,True
2016-10-07,2016-10-14,2016,215.03,0.11470000000000001,0.16440000000000002,1.4333042720139495,205,200.0,0.002266364767474302,0.0,0.002266364767474302,True
2016-10-14,2016-10-21,2016,213.06,0.1294,0.17420000000000002,1.3462132921174654,205,200.0,0.02695382795231714,0.0,0.02695382795231714,True
2016-10-21,2016-10-28,2016,213.89,0.10679999999999999,0.1604,1.5018726591760299,205,200.0,0.003425586422254656,0.0,0.003425586422254656,True
2016-10-28,2016-11-04,2016,212.5,0.16690000000000002,0.17370000000000002,1.0407429598562012,205,200.0,0.1202324406867723,0.0,0.1202324406867723,True
2016-11-04,2016-11-11,2016,208.56,0.2882,0.2113,0.7331714087439277,200,195.0,0.34665549206649526,0.0,0.34665549206649526,True
2016-11-11,2016-11-18,2016,216.45,0.1284,0.1649,1.2842679127725858,205,200.0,0.0019270666567305743,0.0,0.0019270666567305743,True
2016-11-18,2016-11-25,2016,218.48,0.0863,0.1552,1.79837775202781,210,205.0,0.0008211369577084491,0.0,0.0008211369577084491,True
2016-11-25,2016-12-02,2016,221.52,0.1043,0.1551,1.4870565675934801,210,205.0,0.00022174726628540692,0.0,0.00022174726628540692,True
2016-12-02,2016-12-09,2016,219.6108,0.1364,0.1678,1.2302052785923754,210,205.0,0.01563502031139171,0.0,0.01563502031139171,True
2016-12-09,2016-12-16,2016,226.53,0.111,0.1522,1.3711711711711712,215,210.0,0.0006514009496602749,0.0,0.0006514009496602749,True
2016-12-16,2016-12-23,2016,225.05,0.1067,0.1557,1.4592314901593253,215,210.0,0.0018017170702531653,0.0,0.0018017170702531653,True
2016-12-23,2016-12-30,2016,225.7,0.0898,0.1525,1.698218262806236,215,210.0,0.00010627118174849131,0.0,0.00010627118174849131,True
2016-12-30,2017-01-06,2016,223.52,0.1268,0.1654,1.3044164037854888,215,210.0,0.0239069167134649,0.0,0.0239069167134649,True
2017-01-06,2017-01-13,2017,227.25,0.0919,0.1456,1.5843307943416758,220,215.0,0.00878283898286554,0.0,0.00878283898286554,True
2017-01-13,2017-01-20,2017,227.04,0.08990000000000001,0.1454,1.6173526140155727,220,215.0,0.009107915685267528,0.0,0.009107915685267528,True
2017-01-20,2017-01-27,2017,226.74,0.09720000000000001,0.1449,1.4907407407407407,215,210.0,8.95586606643383e-05,0.0,8.95586606643383e-05,True
2017-01-27,2017-02-03,2017,228.99,0.09359999999999999,0.1368,1.4615384615384617,220,215.0,0.0018006710354124024,0.0,0.0018006710354124024,True
2017-02-03,2017-02-10,2017,229.35,0.0919,0.1405,1.5288356909684442,220,215.0,0.001004887124447682,0.0,0.001004887124447682,True
2017-02-10,2017-02-17,2017,231.49,0.0902,0.1391,1.5421286031042127,220,215.0,5.702504186333438e-05,0.0,5.702504186333438e-05,True
2017-02-17,2017-02-24,2017,235.04,0.09029999999999999,0.13720000000000002,1.5193798449612406,225,220.0,0.000489679496265572,0.0,0.000489679496265572,True
2017-02-24,2017-03-03,2017,236.77,0.0941,0.1476,1.5685441020191286,225,220.0,0.00010811143287822928,0.0,0.00010811143287822928,True
2017-03-03,2017-03-10,2017,238.43,0.08560000000000001,0.1426,1.6658878504672896,230,225.0,0.0021473469772220824,0.0,0.0021473469772220824,True
2017-03-10,2017-03-17,2017,237.66,0.1067,0.1438,1.3477038425492034,230,225.0,0.02361939714090401,0.0,0.02361939714090401,True
2017-03-17,2017-03-24,2017,237.1008,0.0987,0.1392,1.4103343465045592,225,220.0,0.00014532610362941317,0.0,0.00014532610362941317,True
2017-03-24,2017-03-31,2017,233.88,0.1343,0.14550000000000002,1.0833953834698438,225,220.0,0.03549376380881045,0.0,0.03549376380881045,True
2017-03-31,2017-04-07,2017,235.68,0.0966,0.136,1.4078674948240166,225,220.0,0.0005378312972919751,0.0,0.0005378312972919751,True
2017-04-07,2017-04-13,2017,235.17,0.10060000000000001,0.1406,1.3976143141153081,225,220.0,0.0005786810721001087,0.0,0.0005786810721001087,True
2017-04-21,2017-04-28,2017,234.59,0.1709,0.1475,0.8630778232884727,225,220.0,0.08037906000467454,0.0,0.08037906000467454,True
2017-04-28,2017-05-05,2017,238.12,0.0942,0.1293,1.3726114649681527,230,225.0,0.006800039257541916,0.0,0.006800039257541916,True
2017-05-05,2017-05-12,2017,239.68,0.1144,0.1285,1.1232517482517483,230,225.0,0.008570264644939245,0.0,0.008570264644939245,True
2017-05-12,2017-05-19,2017,239.05,0.094,0.1297,1.3797872340425532,230,225.0,0.002774167516899736,0.0,0.002774167516899736,True
2017-05-19,2017-05-26,2017,238.27,0.10980000000000001,0.1349,1.2285974499089252,230,225.0,0.018175913408807552,0.0,0.018175913408807552,True
2017-05-26,2017-06-02,2017,241.73,0.076,0.1244,1.6368421052631579,230,225.0,4.283747439909689e-06,0.0,4.283747439909689e-06,True
2017-06-02,2017-06-09,2017,244.14,0.08470000000000001,0.1246,1.471074380165289,235,230.0,0.0011064711181876128,0.0,0.0011064711181876128,True
2017-06-09,2017-06-16,2017,243.5208,0.10369999999999999,0.12960000000000002,1.2497589199614276,235,230.0,0.01190747939117915,0.0,0.01190747939117915,True
2017-06-16,2017-06-23,2017,242.64,0.0833,0.12710000000000002,1.5258103241296521,235,230.0,0.004726750969845673,0.0,0.004726750969845673,True
2017-06-23,2017-06-30,2017,243.16,0.08380000000000001,0.12359999999999999,1.4749403341288778,235,230.0,0.0028988663391623206,0.0,0.0028988663391623206,True
2017-06-30,2017-07-07,2017,241.79,0.0993,0.13140000000000002,1.3232628398791542,230,225.0,0.00030486565793179225,0.0,0.00030486565793179225,True
2017-07-07,2017-07-14,2017,242.1,0.0926,0.1352,1.4600431965442764,230,225.0,8.005831028277415e-05,0.0,8.005831028277415e-05,True
2017-07-14,2017-07-21,2017,245.51,0.0755,0.1223,1.6198675496688744,235,230.0,3.959774369497016e-05,0.0,3.959774369497016e-05,True
2017-07-21,2017-07-28,2017,246.83,0.071,0.1206,1.6985915492957748,235,230.0,1.3611594569873862e-06,0.0,1.3611594569873862e-06,True
2017-07-28,2017-08-04,2017,246.89,0.0855,0.1258,1.4713450292397658,235,230.0,4.255233188079449e-05,0.0,4.255233188079449e-05,True
2017-08-04,2017-08-11,2017,247.39,0.0858,0.1275,1.486013986013986,235,230.0,2.2947014098109564e-05,0.0,2.2947014098109564e-05,True
2017-08-11,2017-08-18,2017,244.11,0.1553,0.16390000000000002,1.0553766902768835,235,230.0,0.08124737384917935,0.0,0.08124737384917935,True
2017-08-18,2017-08-25,2017,242.71,0.1317,0.1565,1.1883067577828397,235,230.0,0.07735850294465041,0.0,0.07735850294465041,True
2017-08-25,2017-09-01,2017,244.52,0.0897,0.1399,1.5596432552954291,235,230.0,0.0013511851078568534,0.0,0.0013511851078568534,True
2017-09-01,2017-09-08,2017,247.81,0.0794,0.1359,1.7115869017632241,240,235.0,0.0031379652901267862,0.0,0.0031379652901267862,True
2017-09-08,2017-09-15,2017,246.54,0.11289999999999999,0.1469,1.301151461470328,235,230.0,0.002144084589266781,0.0,0.002144084589266781,True
2017-09-15,2017-09-22,2017,249.23,0.083,0.12960000000000002,1.5614457831325304,240,235.0,0.0010172965848719402,0.0,0.0010172965848719402,True
2017-09-22,2017-09-29,2017,249.45,0.07980000000000001,0.1285,1.6102756892230574,240,235.0,0.0004984144167054148,0.0,0.0004984144167054148,True
2017-09-29,2017-10-06,2017,251.16,0.0795,0.1249,1.571069182389937,240,235.0,5.059759210744904e-05,0.0,5.059759210744904e-05,True
2017-10-06,2017-10-13,2017,254.43,0.0788,0.1244,1.5786802030456852,245,240.0,0.0005671904183745804,0.0,0.0005671904183745804,True
2017-10-13,2017-10-20,2017,254.88,0.0803,0.1198,1.4919053549190537,245,240.0,0.0004150380739378573,0.0,0.0004150380739378573,True
2017-10-20,2017-10-27,2017,257.07,0.08410000000000001,0.1185,1.4090368608799047,245,240.0,5.169917238555765e-05,0.0,5.169917238555765e-05,True
2017-10-27,2017-11-03,2017,257.6895,0.0861,0.1223,1.4204413472706157,245,240.0,3.413586079106395e-05,0.0,3.413586079106395e-05,True
2017-11-03,2017-11-10,2017,258.45,0.0784,0.1242,1.584183673469388,250,245.0,0.0020722884272862466,0.0,0.0020722884272862466,True
2017-11-10,2017-11-17,2017,258.1,0.10310000000000001,0.1361,1.32007759456838,250,245.0,0.024128955694996346,0.0,0.024128955694996346,True
2017-11-17,2017-11-24,2017,257.87,0.0849,0.138,1.6254416961130742,250,245.0,0.007477222780078813,0.0,0.007477222780078813,True
2017-11-24,2017-12-01,2017,260.37,0.0787,0.1242,1.5781448538754765,250,245.0,0.00022965928450473602,0.0,0.00022965928450473602,True
2017-12-01,2017-12-08,2017,264.46,0.1198,0.1328,1.1085141903171953,255,250.0,0.028704977712213448,0.0,0.028704977712213448,True
2017-12-08,2017-12-15,2017,265.48,0.08439999999999999,0.1246,1.4763033175355453,255,250.0,0.0006353447642782728,0.0,0.0006353447642782728,True
2017-12-15,2017-12-22,2017,266.53,0.0825,0.1208,1.4642424242424241,255,250.0,0.00014211561095341652,0.0,0.00014211561095341652,True
2017-12-22,2017-12-29,2017,267.49,0.0751,0.1249,1.663115845539281,255,250.0,8.165022699375026e-06,0.0,8.165022699375026e-06,True
2017-12-29,2018-01-05,2017,266.94,0.1042,0.1309,1.2562380038387715,255,250.0,0.001643275275902573,0.0,0.001643275275902573,True
2018-01-05,2018-01-12,2018,273.4,0.077,0.1206,1.5662337662337662,265,260.0,0.0032639464597446046,0.0,0.0032639464597446046,True
2018-01-12,2018-01-19,2018,277.94,0.0868,0.122,1.4055299539170507,265,260.0,0.00010415827394243975,0.0,0.00010415827394243975,True
2018-01-19,2018-01-26,2018,280.39,0.1041,0.1304,1.2526416906820363,270,265.0,0.00924363813578722,0.0,0.00924363813578722,True
2018-01-26,2018-02-02,2018,286.56,0.10460000000000001,0.1346,1.2868068833652007,275,270.0,0.004918610983204435,0.0,0.004918610983204435,True
2018-02-02,2018-02-09,2018,275.51,0.1886,0.1703,0.9029692470837752,265,260.0,0.16893774292486174,3.259999999999991,-3.091062257075129,False
2018-02-09,2018-02-16,2018,261.74,0.3164,0.2492,0.7876106194690266,250,245.0,0.3768923690440271,0.0,0.3768923690440271,True
2018-02-16,2018-02-23,2018,273.16,0.1868,0.1917,1.0262312633832977,260,255.0,0.062295196640592354,0.0,0.062295196640592354,True
2018-02-23,2018-03-02,2018,274.65,0.14980000000000002,0.175,1.1682242990654204,265,260.0,0.09798468597879229,0.0,0.09798468597879229,True
2018-03-02,2018-03-09,2018,269.08,0.1887,0.1986,1.0524642289348172,260,255.0,0.24149373682773234,0.0,0.24149373682773234,True
2018-03-09,2018-03-16,2018,278.76,0.1353,0.17010000000000003,1.2572062084257207,270,265.0,0.10132520585688876,0.0,0.10132520585688876,True
2018-03-16,2018-03-23,2018,274.22,0.1493,0.17739999999999997,1.18821165438714,265,260.0,0.11456988552979985,5.0,-4.8854301144702,False
2018-03-23,2018-03-29,2018,258.015,0.2822,0.2279,0.8075832742735648,250,245.0,0.5319283875153982,0.0,0.5319283875153982,True
2018-04-06,2018-04-13,2018,259.7,0.2306,0.212,0.9193408499566348,250,245.0,0.30238423115626656,0.0,0.30238423115626656,True
2018-04-13,2018-04-20,2018,265.11,0.1636,0.1855,1.1338630806845966,255,250.0,0.09829846653960272,0.0,0.09829846653960272,True
2018-04-20,2018-04-27,2018,266.66,0.1623,0.1772,1.0918052988293283,255,250.0,0.05084021153039475,0.0,0.05084021153039475,True
2018-04-27,2018-05-04,2018,266.58,0.1444,0.17079999999999998,1.1828254847645427,255,250.0,0.027849545241072443,0.0,0.027849545241072443,True
2018-05-04,2018-05-11,2018,265.92,0.1386,0.16649999999999998,1.201298701298701,255,250.0,0.030515093661796666,0.0,0.030515093661796666,True
2018-05-11,2018-05-18,2018,272.64,0.1124,0.1482,1.3185053380782918,260,255.0,0.0024884074130243896,0.0,0.0024884074130243896,True
2018-05-18,2018-05-25,2018,271.34,0.1148,0.1519,1.3231707317073171,260,255.0,0.00757143096966276,0.0,0.00757143096966276,True
2018-05-25,2018-06-01,2018,272.21,0.11460000000000001,0.1483,1.2940663176265268,260,255.0,0.004083201158568415,0.0,0.004083201158568415,True
2018-06-01,2018-06-08,2018,273.61,0.1144,0.1527,1.3347902097902098,265,260.0,0.0453718722987036,0.0,0.0453718722987036,True
2018-06-08,2018-06-15,2018,278.22,0.11560000000000001,0.146,1.2629757785467126,265,260.0,0.0026069288213889322,0.0,0.0026069288213889322,True
2018-06-15,2018-06-22,2018,277.03,0.1084,0.1442,1.330258302583026,265,260.0,0.0033725319579407404,0.0,0.0033725319579407404,True
2018-06-22,2018-06-29,2018,274.76,0.1216,0.155,1.274671052631579,265,260.0,0.0336816294426486,0.0,0.0336816294426486,True
2018-06-29,2018-07-06,2018,271.34,0.1493,0.1714,1.1480241125251174,260,255.0,0.04252459384682317,0.0,0.04252459384682317,True
2018-07-06,2018-07-13,2018,275.36,0.1149,0.15710000000000002,1.3672758920800698,265,260.0,0.01668616931200774,0.0,0.01668616931200774,True
2018-07-13,2018-07-20,2018,279.56,0.1007,0.1454,1.4438927507447865,270,265.0,0.012883286302908456,0.0,0.012883286302908456,True
2018-07-20,2018-07-27,2018,279.72,0.1101,0.1508,1.3696639418710261,270,265.0,0.02129976274424708,0.0,0.02129976274424708,True
2018-07-27,2018-08-03,2018,281.46,0.1159,0.15,1.2942191544434858,270,265.0,0.010332006126745723,0.0,0.010332006126745723,True
2018-08-03,2018-08-10,2018,283.62,0.0958,0.1449,1.512526096033403,275,270.0,0.020038296924622043,0.0,0.020038296924622043,True
2018-08-10,2018-08-17,2018,283.16,0.1309,0.1522,1.1627196333078686,270,265.0,0.009444951234425708,0.0,0.009444951234425708,True
2018-08-17,2018-08-24,2018,285.02,0.1157,0.1517,1.3111495246326708,275,270.0,0.027521734412029653,0.0,0.027521734412029653,True
2018-08-24,2018-08-31,2018,287.52,0.1017,0.1482,1.4572271386430677,275,270.0,0.0018194529868609689,0.0,0.0018194529868609689,True
2018-08-31,2018-09-07,2018,290.27,0.1101,0.1515,1.3760217983651226,280,275.0,0.019651072997047173,0.0,0.019651072997047173,True
2018-09-07,2018-09-14,2018,287.53,0.1349,0.1659,1.2297998517420312,275,270.0,0.018969177027629597,0.0,0.018969177027629597,True
2018-09-14,2018-09-21,2018,290.92,0.0993,0.1437,1.447129909365559,280,275.0,0.005897116503260014,0.0,0.005897116503260014,True
2018-09-21,2018-09-28,2018,292.04,0.1063,0.1458,1.3715898400752589,280,275.0,0.004765418546804758,0.0,0.004765418546804758,True
2018-09-28,2018-10-05,2018,290.57,0.1117,0.1477,1.3222918531781558,280,275.0,0.018083597958924696,0.0,0.018083597958924696,True
2018-10-05,2018-10-12,2018,287.81,0.14859999999999998,0.1625,1.0935397039030956,275,270.0,0.030290628711634626,0.0,0.030290628711634626,True
2018-10-12,2018-10-19,2018,276.01,0.2284,0.1984,0.8686514886164624,265,260.0,0.25668530394095956,0.0,0.25668530394095956,True
2018-10-19,2018-10-26,2018,276.1797,0.2113,0.1984,0.938949361097965,265,260.0,0.19849603087507806,0.0,0.19849603087507806,True
2018-10-26,2018-11-02,2018,265.22,0.2989,0.2248,0.75209100033456,255,250.0,0.473310335189268,0.0,0.473310335189268,True
2018-11-02,2018-11-09,2018,271.8,0.21170000000000003,0.203,0.958904109589041,260,255.0,0.1566961601638086,0.0,0.1566961601638086,True
2018-11-09,2018-11-16,2018,277.82,0.1563,0.18460000000000001,1.181062060140755,265,260.0,0.031787648605430985,0.0,0.031787648605430985,True
2018-11-16,2018-11-23,2018,273.73,0.1635,0.1935,1.18348623853211,265,260.0,0.1881539324525061,1.6800000000000068,-1.4918460675475007,False
2018-11-23,2018-11-30,2018,263.32,0.21420000000000003,0.2175,1.015406162464986,255,250.0,0.3791030960346653,0.0,0.3791030960346653,True
2018-11-30,2018-12-07,2018,275.685,0.2211,0.1889,0.8543645409317052,265,260.0,0.25552850001760685,1.339999999999975,-1.0844714999823681,False
2018-12-07,2018-12-14,2018,263.66,0.2747,0.22440000000000002,0.8168911539861667,255,250.0,0.550419144584124,0.0,0.550419144584124,True
2018-12-14,2018-12-21,2018,260.57,0.2208,0.21960000000000002,0.9945652173913044,250,245.0,0.21642660367234257,5.0,-4.783573396327657,False
2018-12-21,2018-12-28,2018,240.61,0.33030000000000004,0.2623,0.7941265516197394,230,225.0,0.4062727052650885,0.0,0.4062727052650885,True
2018-12-28,2019-01-04,2018,247.73,0.3164,0.2532,0.800252844500632,240,235.0,0.6974710302478861,0.0,0.6974710302478861,True
2019-01-04,2019-01-11,2019,252.39,0.20850000000000002,0.2186,1.0484412470023978,240,235.0,0.08693366347967113,0.0,0.08693366347967113,True
2019-01-11,2019-01-18,2019,258.81,0.15960000000000002,0.1974,1.2368421052631577,250,245.0,0.13485639477567157,0.0,0.13485639477567157,True
2019-01-18,2019-01-25,2019,266.42,0.15039999999999998,0.1884,1.2526595744680853,255,250.0,0.03794290645351933,0.0,0.03794290645351933,True
2019-01-25,2019-02-01,2019,265.78,0.16390000000000002,0.1882,1.148261134838316,255,250.0,0.07628151502154823,0.0,0.07628151502154823,True
2019-02-01,2019-02-08,2019,270.08,0.1409,0.1759,1.248403122782115,260,255.0,0.056209046703569965,0.0,0.056209046703569965,True
2019-02-08,2019-02-15,2019,270.54,0.1361,0.1726,1.2681851579720793,260,255.0,0.037627777334382495,0.0,0.037627777334382495,True
2019-02-15,2019-02-22,2019,277.38,0.12179999999999999,0.1648,1.3530377668308704,265,260.0,0.007287688170113209,0.0,0.007287688170113209,True
2019-02-22,2019-03-01,2019,279.16,0.1149,0.15460000000000002,1.3455178416013927,270,265.0,0.038142514013603246,0.0,0.038142514013603246,True
2019-03-01,2019-03-08,2019,280.41,0.1133,0.15380000000000002,1.3574580759046782,270,265.0,0.016856471304149218,0.0,0.016856471304149218,True
2019-03-08,2019-03-15,2019,274.49,0.1463,0.1711,1.1695146958304852,265,260.0,0.09478159810086706,0.0,0.09478159810086706,True
2019-03-15,2019-03-22,2019,281.34,0.11220000000000001,0.14980000000000002,1.3351158645276293,270,265.0,0.008696638031609263,0.0,0.008696638031609263,True
2019-03-22,2019-03-29,2019,279.34,0.1685,0.17370000000000002,1.030860534124629,270,265.0,0.1813948030497099,0.0,0.1813948030497099,True
2019-03-29,2019-04-05,2019,282.45,0.1234,0.158,1.280388978930308,270,265.0,0.009080251608404255,0.0,0.009080251608404255,True
2019-04-05,2019-04-12,2019,288.52,0.1012,0.1506,1.4881422924901186,275,270.0,0.0007588938622353669,0.0,0.0007588938622353669,True
2019-04-12,2019-04-18,2019,290.13,0.0974,0.1446,1.484599589322382,280,275.0,0.004562068537665791,0.0,0.004562068537665791,True
2019-04-26,2019-05-03,2019,293.41,0.11810000000000001,0.1489,1.260795935647756,280,275.0,0.0048221053872882225,0.0,0.0048221053872882225,True
2019-05-03,2019-05-10,2019,293.98,0.1096,0.1507,1.375,285,280.0,0.044610251355760855,0.0,0.044610251355760855,True
2019-05-10,2019-05-17,2019,288.03,0.16570000000000001,0.16899999999999998,1.0199155099577548,275,270.0,0.050029586074815446,0.0,0.050029586074815446,True
2019-05-17,2019-05-24,2019,285.94,0.16260000000000002,0.17059999999999997,1.0492004920049198,275,270.0,0.0998326658952502,0.0,0.0998326658952502,True
2019-05-24,2019-05-31,2019,282.95,0.1536,0.1709,1.1126302083333335,270,265.0,0.030632907912106766,0.0,0.030632907912106766,True
2019-05-31,2019-06-07,2019,275.37,0.19,0.1883,0.9910526315789473,265,260.0,0.18038217869095519,0.0,0.18038217869095519,True
2019-06-07,2019-06-14,2019,287.58,0.1502,0.17149999999999999,1.1418109187749665,275,270.0,0.03565277511925935,0.0,0.03565277511925935,True
2019-06-14,2019-06-21,2019,289.23,0.1356,0.166,1.224188790560472,280,275.0,0.09902452935910433,0.0,0.09902452935910433,True
2019-06-21,2019-06-28,2019,294.0,0.1483,0.16670000000000001,1.1240728253540124,285,280.0,0.16295013051602547,0.0,0.16295013051602547,True
2019-06-28,2019-07-05,2019,293.1,0.1567,0.1606,1.0248883216336948,280,275.0,0.04042080077586052,0.0,0.04042080077586052,True
2019-07-05,2019-07-12,2019,298.27,0.1057,0.14980000000000002,1.4172185430463577,285,280.0,0.002235091849086052,0.0,0.002235091849086052,True
2019-07-12,2019-07-19,2019,300.65,0.09880000000000001,0.14800000000000002,1.4979757085020242,290,285.0,0.009254698410817025,0.0,0.009254698410817025,True
2019-07-19,2019-07-26,2019,297.26,0.1356,0.1593,1.174778761061947,285,280.0,0.028637698586141014,0.0,0.028637698586141014,True
2019-07-26,2019-08-02,2019,301.96,0.11539999999999999,0.1469,1.2729636048526864,290,285.0,0.01306465448641457,0.0,0.01306465448641457,True
2019-08-02,2019-08-09,2019,292.62,0.1769,0.1789,1.0113058224985867,280,275.0,0.08633214205793016,0.0,0.08633214205793016,True
2019-08-09,2019-08-16,2019,291.6,0.1775,0.1856,1.0456338028169014,280,275.0,0.12197382162810166,0.0,0.12197382162810166,True
2019-08-16,2019-08-23,2019,288.81,0.18359999999999999,0.19699999999999998,1.0729847494553377,280,275.0,0.3035730974615598,0.0,0.3035730974615598,True
2019-08-23,2019-08-30,2019,284.88,0.2155,0.2036,0.9447795823665893,275,270.0,0.3249019663386328,0.0,0.3249019663386328,True
2019-08-30,2019-09-06,2019,292.4527,0.18600000000000003,0.1954,1.050537634408602,280,275.0,0.1115227657993838,0.0,0.1115227657993838,True
2019-09-06,2019-09-13,2019,298.05,0.12390000000000001,0.1746,1.4092009685230023,285,280.0,0.010346861350262304,0.0,0.010346861350262304,True
2019-09-13,2019-09-20,2019,300.99,0.12619999999999998,0.16670000000000001,1.3209191759112524,290,285.0,0.0385319669241343,0.0,0.0385319669241343,True
2019-09-20,2019-09-27,2019,298.08,0.14679999999999999,0.1771,1.2064032697547686,285,280.0,0.03157866827342087,0.0,0.03157866827342087,True
2019-09-27,2019-10-04,2019,295.41,0.1677,0.1875,1.118067978533095,285,280.0,0.15585442300725427,0.0,0.15585442300725427,True
2019-10-04,2019-10-11,2019,294.3,0.16269999999999998,0.1859,1.1425937307928704,285,280.0,0.1996771124482395,0.0,0.1996771124482395,True
2019-10-11,2019-10-18,2019,296.25,0.1528,0.17550000000000002,1.1485602094240839,285,280.0,0.08120849795612739,0.0,0.08120849795612739,True
2019-10-18,2019-10-25,2019,298.09,0.1235,0.16649999999999998,1.3481781376518218,285,280.0,0.009869119884053854,0.0,0.009869119884053854,True
2019-10-25,2019-11-01,2019,301.59,0.1033,0.15710000000000002,1.5208131655372703,290,285.0,0.00698522625090877,0.0,0.00698522625090877,True
2019-11-01,2019-11-08,2019,306.17,0.0984,0.1542,1.5670731707317074,295,290.0,0.007238126193837513,0.0,0.007238126193837513,True
2019-11-08,2019-11-15,2019,308.93,0.0932,0.1553,1.6663090128755362,295,290.0,0.00048072701607358964,0.0,0.00048072701607358964,True
2019-11-15,2019-11-22,2019,311.81,0.0967,0.1499,1.5501551189245089,300,295.0,0.004626552318624855,0.0,0.004626552318624855,True
2019-11-22,2019-11-29,2019,311.02,0.0922,0.154,1.670281995661605,300,295.0,0.005402768326546504,0.0,0.005402768326546504,True
2019-11-29,2019-12-06,2019,314.33,0.11359999999999999,0.1551,1.3653169014084507,300,295.0,0.0036991319237508376,0.0,0.0036991319237508376,True
2019-12-06,2019-12-13,2019,314.83,0.1281,0.16210000000000002,1.265417642466823,305,300.0,0.09054814095969643,0.0,0.09054814095969643,True
2019-12-13,2019-12-20,2019,317.29,0.1241,0.1528,1.2312651087832391,305,300.0,0.02580714984692889,0.0,0.02580714984692889,True
2019-12-20,2019-12-27,2019,320.86,0.09269999999999999,0.1532,1.6526429341963325,310,305.0,0.00842928667284043,0.0,0.00842928667284043,True
2019-12-27,2020-01-03,2019,322.85,0.11,0.1595,1.45,310,305.0,0.009301183972284174,0.0,0.009301183972284174,True
2020-01-03,2020-01-10,2020,322.43,0.1278,0.16010000000000002,1.252738654147105,310,305.0,0.032146474992595264,0.0,0.032146474992595264,True
2020-01-10,2020-01-17,2020,325.64,0.1057,0.1495,1.4143803216650899,315,310.0,0.027353892110182992,0.0,0.027353892110182992,True
2020-01-17,2020-01-24,2020,332.01,0.0904,0.1441,1.5940265486725664,320,315.0,0.004018192605195495,0.0,0.004018192605195495,True
2020-01-24,2020-01-31,2020,328.76,0.1465,0.1607,1.0969283276450512,315,310.0,0.044076505231040675,0.0,0.044076505231040675,True
2020-01-31,2020-02-07,2020,321.75,0.21660000000000001,0.1863,0.8601108033240996,310,305.0,0.3072235806341741,0.0,0.3072235806341741,True
2020-02-07,2020-02-14,2020,332.24,0.1373,0.1629,1.1864530225782957,320,315.0,0.06170876223291599,0.0,0.06170876223291599,True
2020-02-14,2020-02-21,2020,337.6,0.10980000000000001,0.155,1.4116575591985427,325,320.0,0.015374315283820134,0.0,0.015374315283820134,True
2020-02-21,2020-02-28,2020,333.45,0.1577,0.1761,1.1166772352568168,320,315.0,0.07714099435844246,5.0,-4.922859005641557,False
2020-02-28,2020-03-06,2020,296.24,0.529,0.2985,0.5642722117202268,285,280.0,0.8637450270887257,0.0,0.8637450270887257,True
2020-03-06,2020-03-13,2020,297.43,0.4855,0.3546,0.7303810504634398,285,280.0,0.7316863820529811,5.0,-4.268313617947019,False
2020-03-13,2020-03-20,2020,270.2,0.6987000000000001,0.48310000000000003,0.6914269357377987,260,255.0,0.8564877212735489,5.0,-4.143512278726451,False
2020-03-20,2020-03-27,2020,229.4,0.8347,0.6559,0.7857913022642866,220,215.0,0.6014818266089392,0.0,0.6014818266089392,True
2020-03-27,2020-04-03,2020,254.0,0.7232999999999999,0.5575,0.770772846674962,245,240.0,0.889316903613377,0.0,0.889316903613377,True
2020-04-03,2020-04-09,2020,247.95,0.46659999999999996,0.4484,0.9609944277753966,240,235.0,0.8406360375432982,0.0,0.8406360375432982,True
2020-04-17,2020-04-24,2020,286.54,0.3618,0.3728,1.0304035378662244,275,270.0,0.5874052332518289,0.0,0.5874052332518289,True
2020-04-24,2020-05-01,2020,282.89,0.3172,0.37810000000000005,1.1919924337957126,270,265.0,0.3770367998988462,0.0,0.3770367998988462,True
2020-05-01,2020-05-08,2020,282.83,0.3557,0.3797,1.0674725892606127,270,265.0,0.4581829254455769,0.0,0.4581829254455769,True
2020-05-08,2020-05-15,2020,292.51,0.2489,0.3164,1.271193250301326,280,275.0,0.26991760081749483,0.0,0.26991760081749483,True
2020-05-15,2020-05-22,2020,286.29,0.29710000000000003,0.34509999999999996,1.1615617637159203,275,270.0,0.46208176944546686,0.0,0.46208176944546686,True
2020-05-22,2020-05-29,2020,295.48,0.2347,0.3154,1.343843204090328,285,280.0,0.37832351537306685,0.0,0.37832351537306685,True
2020-05-29,2020-06-05,2020,304.49,0.2459,0.30269999999999997,1.2309882065880438,295,290.0,0.5369253059852284,0.0,0.5369253059852284,True
2020-06-05,2020-06-12,2020,319.4,0.2263,0.2742,1.2116659301811754,305,300.0,0.18506560072717804,0.6200000000000045,-0.4349343992728265,False
2020-06-12,2020-06-19,2020,304.38,0.3652,0.38049999999999995,1.0418948521358158,295,290.0,0.8725643253961408,0.0,0.8725643253961408,True
2020-06-19,2020-06-26,2020,308.54,0.3392,0.3668,1.0813679245283019,295,290.0,0.4714685620028476,0.0,0.4714685620028476,True
2020-06-26,2020-07-02,2020,300.09,0.3331,0.358,1.07475232662864,290,285.0,0.6237053314742518,0.0,0.6237053314742518,True
2020-07-10,2020-07-17,2020,317.64,0.2259,0.3102,1.3731739707835324,305,300.0,0.2694962130638263,0.0,0.2694962130638263,True
2020-07-17,2020-07-24,2020,321.7,0.2216,0.3037,1.3704873646209388,310,305.0,0.32739135655440954,0.0,0.32739135655440954,True
2020-07-24,2020-07-31,2020,320.91,0.22699999999999998,0.3056,1.3462555066079296,310,305.0,0.4021135970819376,0.0,0.4021135970819376,True
2020-07-31,2020-08-07,2020,326.4,0.2061,0.29710000000000003,1.4415332362930617,315,310.0,0.3073675345363611,0.0,0.3073675345363611,True
2020-08-07,2020-08-14,2020,334.57,0.1808,0.2828,1.5641592920353984,320,315.0,0.09850498719770107,0.0,0.09850498719770107,True
2020-08-14,2020-08-21,2020,336.85,0.1787,0.2837,1.5875769445998882,325,320.0,0.20784570956878134,0.0,0.20784570956878134,True
2020-08-21,2020-08-28,2020,339.45,0.1801,0.2817,1.5641310383120488,325,320.0,0.1077711817187792,0.0,0.1077711817187792,True
2020-08-28,2020-09-04,2020,350.57,0.17129999999999998,0.2962,1.7291301809690605,340,335.0,0.29077770352628995,0.0,0.29077770352628995,True
2020-09-04,2020-09-11,2020,342.35,0.29410000000000003,0.3475,1.181570894253655,330,325.0,0.5718633635866688,0.0,0.5718633635866688,True
2020-09-11,2020-09-18,2020,334.09,0.2633,0.31129999999999997,1.182301557159134,320,315.0,0.3371792144041894,0.0,0.3371792144041894,True
2020-09-18,2020-09-25,2020,330.77,0.2402,0.3046,1.2681099084096585,320,315.0,0.4933634425405522,0.0,0.4933634425405522,True
2020-09-25,2020-10-02,2020,328.72,0.2457,0.32030000000000003,1.3036223036223038,315,310.0,0.29483309844163585,0.0,0.29483309844163585,True
2020-10-02,2020-10-09,2020,333.88,0.2464,0.3239,1.3145292207792207,320,315.0,0.30195513977367305,0.0,0.30195513977367305,True
2020-10-09,2020-10-16,2020,346.73,0.1885,0.2828,1.50026525198939,335,330.0,0.274572279313535,0.0,0.274572279313535,True
2020-10-16,2020-10-23,2020,347.32,0.2164,0.2921,1.3498151571164512,335,330.0,0.3410184974516195,0.0,0.3410184974516195,True
2020-10-23,2020-10-30,2020,345.62,0.2429,0.2899,1.193495265541375,335,330.0,0.5660288166670888,5.0,-4.433971183332911,False
2020-10-30,2020-11-06,2020,326.69,0.44329999999999997,0.3627,0.8181818181818182,315,310.0,0.8648375549957095,0.0,0.8648375549957095,True
2020-11-06,2020-11-13,2020,350.18,0.2396,0.2737,1.1423205342237062,335,330.0,0.25604860620766523,0.0,0.25604860620766523,True
2020-11-13,2020-11-20,2020,358.1,0.2101,0.2569,1.2227510709186102,345,340.0,0.2981813718311397,0.0,0.2981813718311397,True
2020-11-20,2020-11-27,2020,355.35,0.1986,0.2606,1.312185297079557,340,335.0,0.14942775542486064,0.0,0.14942775542486064,True
2020-11-27,2020-12-04,2020,363.71,0.1825,0.2443,1.3386301369863014,350,345.0,0.18501616171213175,0.0,0.18501616171213175,True
2020-12-04,2020-12-11,2020,369.78,0.1796,0.2429,1.3524498886414253,355,350.0,0.14361338213397445,0.0,0.14361338213397445,True
2020-12-11,2020-12-18,2020,366.14,0.2045,0.2605,1.2738386308068461,355,350.0,0.43485220683686876,0.0,0.43485220683686876,True
2020-12-18,2020-12-24,2020,369.15,0.16699999999999998,0.25170000000000003,1.5071856287425154,355,350.0,0.09064143498912802,0.0,0.09064143498912802,True
2021-01-08,2021-01-15,2021,381.29,0.1834,0.249,1.357688113413304,365,360.0,0.12139019087054148,0.0,0.12139019087054148,True
2021-01-15,2021-01-22,2021,375.67,0.2169,0.2726,1.2568003688335638,360,355.0,0.22717009167723923,0.0,0.22717009167723923,True
2021-01-22,2021-01-29,2021,382.82,0.18420000000000003,0.25989999999999996,1.4109663409337672,370,365.0,0.2783008707099164,0.0,0.2783008707099164,True
2021-01-29,2021-02-05,2021,370.14,0.32630000000000003,0.33880000000000005,1.0383083052405762,355,350.0,0.5412451514296777,0.0,0.5412451514296777,True
2021-02-05,2021-02-12,2021,387.63,0.1552,0.2652,1.708762886597938,375,370.0,0.1831842140344948,0.0,0.1831842140344948,True
2021-02-12,2021-02-19,2021,392.73,0.1505,0.265,1.7607973421926912,380,375.0,0.16925207593068237,0.0,0.16925207593068237,True
2021-02-19,2021-02-26,2021,390.05,0.1833,0.2709,1.4779050736497545,375,370.0,0.17949711997447082,0.0,0.17949711997447082,True
2021-02-26,2021-03-05,2021,380.01,0.2942,0.29600000000000004,1.0061182868796739,365,360.0,0.500092256263514,0.0,0.500092256263514,True
2021-03-05,2021-03-12,2021,383.56,0.23829999999999998,0.2789,1.170373478808225,370,365.0,0.4362310057896721,0.0,0.4362310057896721,True
2021-03-12,2021-03-19,2021,394.0,0.1741,0.25739999999999996,1.478460654796094,380,375.0,0.2014179527474118,0.0,0.2014179527474118,True
2021-03-19,2021-03-26,2021,389.57,0.18280000000000002,0.24989999999999998,1.3670678336980304,375,370.0,0.1974476211293794,0.0,0.1974476211293794,True
2021-03-26,2021-04-01,2021,395.91,0.1632,0.2232,1.3676470588235294,380,375.0,0.06842316691651584,0.0,0.06842316691651584,True
2021-04-09,2021-04-16,2021,411.49,0.1319,0.20739999999999997,1.5724033358605003,395,390.0,0.03674201869461535,0.0,0.03674201869461535,True
2021-04-16,2021-04-23,2021,417.26,0.1297,0.2053,1.5828835774865073,400,395.0,0.02755990725048807,0.0,0.02755990725048807,True
2021-04-23,2021-04-30,2021,416.74,0.1407,0.2157,1.5330490405117272,400,395.0,0.052162986602893646,0.0,0.052162986602893646,True
2021-04-30,2021-05-07,2021,417.3,0.1553,0.2207,1.4211204121056022,400,395.0,0.07234020503524974,0.0,0.07234020503524974,True
2021-05-07,2021-05-14,2021,422.12,0.1409,0.2079,1.475514549325763,405,400.0,0.0502800246282733,0.0,0.0502800246282733,True
2021-05-14,2021-05-21,2021,416.58,0.1741,0.22260000000000002,1.2785755313038485,400,395.0,0.1386207916866633,0.0,0.1386207916866633,True
2021-05-21,2021-05-28,2021,414.98,0.17120000000000002,0.2349,1.3720794392523363,400,395.0,0.18586252669351744,0.0,0.18586252669351744,True
2021-05-28,2021-06-04,2021,420.19,0.1273,0.2048,1.6087981146897095,405,400.0,0.05439520002892184,0.0,0.05439520002892184,True
2021-06-04,2021-06-11,2021,422.44,0.127,0.20620000000000002,1.6236220472440945,405,400.0,0.02463192134443326,0.0,0.02463192134443326,True
2021-06-11,2021-06-18,2021,424.31,0.1306,0.19640000000000002,1.5038284839203677,410,405.0,0.08669411411936645,0.0,0.08669411411936645,True
2021-06-18,2021-06-25,2021,414.92,0.2014,0.2293,1.1385302879841113,400,395.0,0.29888852408953603,0.0,0.29888852408953603,True
2021-06-25,2021-07-02,2021,426.61,0.1186,0.19,1.6020236087689714,410,405.0,0.023426274031405403,0.0,0.023426274031405403,True
2021-07-02,2021-07-09,2021,433.72,0.10400000000000001,0.193,1.8557692307692306,420,415.0,0.03759625012887269,0.0,0.03759625012887269,True
2021-07-09,2021-07-16,2021,435.52,0.13019999999999998,0.20440000000000003,1.56989247311828,420,415.0,0.06706094856918154,0.0,0.06706094856918154,True
2021-07-16,2021-07-23,2021,431.34,0.163,0.2207,1.3539877300613496,415,410.0,0.1339463570181456,0.0,0.1339463570181456,True
2021-07-23,2021-07-30,2021,439.94,0.12869999999999998,0.2165,1.6822066822066823,425,420.0,0.08032624512074049,0.0,0.08032624512074049,True
2021-07-30,2021-08-06,2021,438.51,0.1436,0.2218,1.5445682451253482,425,420.0,0.18153090708382713,0.0,0.18153090708382713,True
2021-08-06,2021-08-13,2021,442.49,0.1096,0.2087,1.9041970802919708,425,420.0,0.012354725680850831,0.0,0.012354725680850831,True
2021-08-13,2021-08-20,2021,445.92,0.1121,0.2026,1.807314897413024,430,425.0,0.02940770886676558,0.0,0.02940770886676558,True
2021-08-20,2021-08-27,2021,443.36,0.151,0.2241,1.4841059602649007,430,425.0,0.22975218715479073,0.0,0.22975218715479073,True
2021-08-27,2021-09-03,2021,450.25,0.1232,0.2061,1.6728896103896105,435,430.0,0.06695301616886473,0.0,0.06695301616886473,True
2021-09-03,2021-09-10,2021,453.08,0.1166,0.2032,1.7427101200686106,435,430.0,0.018403615411592134,0.0,0.018403615411592134,True
2021-09-10,2021-09-17,2021,445.44,0.22579999999999997,0.23309999999999997,1.0323294951284323,430,425.0,0.4313967038067972,0.0,0.4313967038067972,True
2021-09-17,2021-09-24,2021,441.4,0.1966,0.2322,1.1810783316378433,425,420.0,0.2626175679855276,0.0,0.2626175679855276,True
2021-09-24,2021-10-01,2021,443.91,0.1524,0.2082,1.3661417322834646,430,425.0,0.20981785991041768,0.0,0.20981785991041768,True
2021-10-01,2021-10-08,2021,434.24,0.1942,0.2305,1.18692070030896,420,415.0,0.352531044473519,0.0,0.352531044473519,True
2021-10-08,2021-10-15,2021,437.86,0.1674,0.2188,1.3070489844683393,420,415.0,0.11065701080222201,0.0,0.11065701080222201,True
2021-10-15,2021-10-22,2021,445.87,0.1324,0.203,1.5332326283987918,430,425.0,0.0741672811718761,0.0,0.0741672811718761,True
2021-10-22,2021-10-29,2021,453.12,0.1198,0.20010000000000003,1.6702838063439067,435,430.0,0.02182124382344719,0.0,0.02182124382344719,True
2021-10-29,2021-11-05,2021,459.25,0.1367,0.20370000000000002,1.4901243599122167,445,440.0,0.1526082449117867,0.0,0.1526082449117867,True
2021-11-05,2021-11-12,2021,468.53,0.1315,0.20489999999999997,1.5581749049429654,450,445.0,0.04236562742804573,0.0,0.04236562742804573,True
2021-11-12,2021-11-19,2021,467.27,0.1199,0.2069,1.7256046705587988,450,445.0,0.036973739602311984,0.0,0.036973739602311984,True
2021-11-19,2021-11-26,2021,468.89,0.1245,0.2192,1.7606425702811246,450,445.0,0.02730306407433225,0.0,0.02730306407433225,True
2021-11-26,2021-12-03,2021,458.97,0.306,0.2917,0.9532679738562092,445,440.0,0.8322782122061767,0.0,0.8322782122061767,True
2021-12-03,2021-12-10,2021,453.42,0.317,0.3178,1.0025236593059939,435,430.0,0.5552506444758905,0.0,0.5552506444758905,True
2021-12-10,2021-12-17,2021,470.74,0.157,0.2318,1.4764331210191084,455,450.0,0.1922439241383298,0.0,0.1922439241383298,True
2021-12-17,2021-12-23,2021,459.87,0.1935,0.25379999999999997,1.311627906976744,445,440.0,0.2973651740080836,0.0,0.2973651740080836,True
2021-12-31,2022-01-07,2021,474.96,0.1326,0.2188,1.650075414781297,460,455.0,0.13092796695183218,0.0,0.13092796695183218,True
2022-01-07,2022-01-14,2022,466.09,0.154,0.22870000000000001,1.4850649350649352,450,445.0,0.16043652006516318,0.0,0.16043652006516318,True
2022-01-14,2022-01-21,2022,464.72,0.17309999999999998,0.22820000000000001,1.3183131138070483,450,445.0,0.29848485055149254,5.0,-4.7015151494485075,False
2022-01-21,2022-01-28,2022,437.98,0.3086,0.2995,0.9705119896305898,420,415.0,0.5189849714114239,0.0,0.5189849714114239,True
2022-01-28,2022-02-04,2022,441.95,0.2813,0.2882,1.0245289726270885,425,420.0,0.5152753364888731,0.0,0.5152753364888731,True
2022-02-04,2022-02-11,2022,448.7,0.2186,0.2625,1.2008234217749314,435,430.0,0.5253354584197893,0.0,0.5253354584197893,True
2022-02-11,2022-02-18,2022,440.46,0.26839999999999997,0.2883,1.0741430700447094,425,420.0,0.5651467777595158,0.0,0.5651467777595158,True
2022-02-18,2022-02-25,2022,434.23,0.26030000000000003,0.2922,1.1225509028044562,420,415.0,0.6059679126851378,0.0,0.6059679126851378,True
2022-02-25,2022-03-04,2022,437.75,0.2615,0.2804,1.0722753346080305,420,415.0,0.401500084664157,0.0,0.401500084664157,True
2022-03-04,2022-03-11,2022,432.17,0.3111,0.3234,1.0395371263259403,415,410.0,0.5570598395488844,0.0,0.5570598395488844,True
2022-03-11,2022-03-18,2022,420.07,0.3063,0.3234,1.0558276199804113,405,400.0,0.6461467261911054,0.0,0.6461467261911054,True
2022-03-18,2022-03-25,2022,444.52,0.22190000000000001,0.2655,1.1964849031095088,430,425.0,0.47220475196983,0.0,0.47220475196983,True
2022-03-25,2022-04-01,2022,452.69,0.1845,0.24719999999999998,1.3398373983739835,435,430.0,0.18771383392382823,0.0,0.18771383392382823,True
2022-04-01,2022-04-08,2022,452.92,0.16,0.2421,1.513125,435,430.0,0.10675382182862503,0.0,0.10675382182862503,True
2022-04-08,2022-04-14,2022,447.57,0.17300000000000001,0.25170000000000003,1.454913294797688,430,425.0,0.10529502956371584,0.0,0.10529502956371584,True
2022-04-22,2022-04-29,2022,426.04,0.2907,0.2987,1.0275197798417612,410,405.0,0.5556727303163598,0.0,0.5556727303163598,True
2022-04-29,2022-05-06,2022,412.0,0.3611,0.3318,0.9188590418166713,395,390.0,0.6232261386808915,0.0,0.6232261386808915,True
2022-05-06,2022-05-13,2022,411.34,0.2979,0.3231,1.0845921450151057,395,390.0,0.515964452918876,0.0,0.515964452918876,True
2022-05-13,2022-05-20,2022,401.72,0.2938,0.307,1.044928522804629,385,380.0,0.45575102836418324,0.0,0.45575102836418324,True
2022-05-20,2022-05-27,2022,389.63,0.2919,0.3114,1.0668036998972252,375,370.0,0.54801944118827,0.0,0.54801944118827,True
2022-05-27,2022-06-03,2022,415.26,0.23129999999999998,0.2802,1.211413748378729,400,395.0,0.38803102775715104,0.0,0.38803102775715104,True
2022-06-03,2022-06-10,2022,410.54,0.2305,0.2733,1.1856832971800433,395,390.0,0.3575412310353343,5.0,-4.642458768964666,False
2022-06-10,2022-06-17,2022,389.8,0.2878,0.29719999999999996,1.0326615705350937,375,370.0,0.5255138964563209,5.0,-4.474486103543679,False
2022-06-17,2022-06-24,2022,365.86,0.304,0.3236,1.0644736842105262,350,345.0,0.4296523827405032,0.0,0.4296523827405032,True
2022-06-24,2022-07-01,2022,390.08,0.26039999999999996,0.2895,1.1117511520737329,375,370.0,0.4276975019033742,0.0,0.4276975019033742,True
2022-07-01,2022-07-08,2022,381.24,0.23559999999999998,0.2852,1.210526315789474,365,360.0,0.26728961462780987,0.0,0.26728961462780987,True
2022-07-08,2022-07-15,2022,388.67,0.2191,0.273,1.246006389776358,375,370.0,0.3742601652203916,0.0,0.3742601652203916,True
2022-07-15,2022-07-22,2022,385.13,0.2214,0.2708,1.2231255645889791,370,365.0,0.28873545817843826,0.0,0.28873545817843826,True
2022-07-22,2022-07-29,2022,395.09,0.22089999999999999,0.2597,1.1756450882752376,380,375.0,0.31286108365964616,0.0,0.31286108365964616,True
2022-07-29,2022-08-05,2022,411.99,0.1857,0.2379,1.2810985460420032,395,390.0,0.15155331278172302,0.0,0.15155331278172302,True
2022-08-05,2022-08-12,2022,413.47,0.1932,0.2418,1.2515527950310559,400,395.0,0.3472657873961751,0.0,0.3472657873961751,True
2022-08-12,2022-08-19,2022,427.1,0.1678,0.23309999999999997,1.3891537544696064,410,405.0,0.11926499694420478,0.0,0.11926499694420478,True
2022-08-19,2022-08-26,2022,422.14,0.18239999999999998,0.2432,1.3333333333333335,405,400.0,0.15265829637953665,0.0,0.15265829637953665,True
2022-08-26,2022-09-02,2022,405.31,0.239,0.2656,1.1112970711297072,390,385.0,0.38612457562846103,0.0,0.38612457562846103,True
2022-09-02,2022-09-09,2022,392.24,0.2297,0.2648,1.1528080104484109,380,375.0,0.5258146067065681,0.0,0.5258146067065681,True
2022-09-09,2022-09-16,2022,406.6,0.21710000000000002,0.2514,1.1579917088899125,390,385.0,0.2512698411372494,4.439999999999998,-4.188730158862748,False
2022-09-16,2022-09-23,2022,385.56,0.2706,0.2763,1.0210643015521064,370,365.0,0.4161200091526247,2.0500000000000114,-1.6338799908473867,False
2022-09-23,2022-09-30,2022,367.95,0.3025,0.3032,1.002314049586777,355,350.0,0.6327746239681318,0.0,0.6327746239681318,True
2022-09-30,2022-10-07,2022,357.18,0.3119,0.3186,1.0214812439884577,345,340.0,0.6842584716274516,0.0,0.6842584716274516,True
2022-10-07,2022-10-14,2022,362.79,0.3055,0.321,1.0507364975450082,350,345.0,0.6365550899049168,0.0,0.6365550899049168,True
2022-10-14,2022-10-21,2022,357.63,0.2967,0.3245,1.0936973373778227,345,340.0,0.6082099115723736,0.0,0.6082099115723736,True
2022-10-21,2022-10-28,2022,374.29,0.2846,0.30469999999999997,1.0706254392129302,360,355.0,0.5046844475140944,0.0,0.5046844475140944,True
2022-10-28,2022-11-04,2022,389.02,0.2781,0.26899999999999996,0.9672779575692195,375,370.0,0.5488936464619272,0.0,0.5488936464619272,True
2022-11-04,2022-11-11,2022,376.35,0.2704,0.2639,0.9759615384615387,365,360.0,0.6968690982536359,0.0,0.6968690982536359,True
2022-11-11,2022-11-18,2022,398.51,0.21309999999999998,0.25739999999999996,1.2078836227123415,385,380.0,0.3875395000934212,0.0,0.3875395000934212,True
2022-11-18,2022-11-25,2022,396.03,0.1834,0.25329999999999997,1.3811341330425297,380,375.0,0.15268545401289657,0.0,0.15268545401289657,True
2022-11-25,2022-12-02,2022,402.33,0.17059999999999997,0.2359,1.3827667057444317,390,385.0,0.29480361205038363,0.0,0.29480361205038363,True
2022-12-02,2022-12-09,2022,406.91,0.1795,0.2296,1.2791086350974932,390,385.0,0.1294009020670046,0.0,0.1294009020670046,True
2022-12-09,2022-12-16,2022,393.28,0.2648,0.2521,0.9520392749244714,380,375.0,0.5739786589299065,0.0,0.5739786589299065,True
2022-12-16,2022-12-23,2022,383.27,0.2051,0.2515,1.2262311067771818,370,365.0,0.33342851692545317,0.0,0.33342851692545317,True
2022-12-23,2022-12-30,2022,382.91,0.17489999999999997,0.2413,1.3796455117209836,370,365.0,0.23672823107041552,0.0,0.23672823107041552,True
2022-12-30,2023-01-06,2022,382.43,0.2114,0.2429,1.1490066225165563,370,365.0,0.41185335470635565,0.0,0.41185335470635565,True
2023-01-06,2023-01-13,2023,388.08,0.2157,0.2318,1.0746407046824293,375,370.0,0.39872618533057747,0.0,0.39872618533057747,True
2023-01-13,2023-01-20,2023,398.5,0.1482,0.2114,1.426450742240216,385,380.0,0.1378995934992231,0.0,0.1378995934992231,True
2023-01-20,2023-01-27,2023,395.88,0.1826,0.21719999999999998,1.189485213581599,380,375.0,0.1554657293083599,0.0,0.1554657293083599,True
2023-01-27,2023-02-03,2023,405.68,0.2003,0.2047,1.0219670494258613,390,385.0,0.23749154418190166,0.0,0.23749154418190166,True
2023-02-03,2023-02-10,2023,412.35,0.1776,0.2078,1.170045045045045,395,390.0,0.1189536063527008,0.0,0.1189536063527008,True
2023-02-10,2023-02-17,2023,408.04,0.215,0.2255,1.0488372093023257,395,390.0,0.4519522648766028,0.0,0.4519522648766028,True
2023-02-17,2023-02-24,2023,407.26,0.16940000000000002,0.2177,1.2851239669421486,395,390.0,0.30481841518764696,0.0,0.30481841518764696,True
2023-02-24,2023-03-03,2023,396.38,0.1838,0.2243,1.220348204570185,380,375.0,0.14235377654363823,0.0,0.14235377654363823,True
2023-03-03,2023-03-10,2023,404.19,0.1776,0.1998,1.125,390,385.0,0.22491832976548487,4.089999999999975,-3.86508167023449,False
2023-03-10,2023-03-17,2023,385.91,0.2686,0.2539,0.9452717795979152,370,365.0,0.39089054115485666,0.0,0.39089054115485666,True
2023-03-17,2023-03-24,2023,389.99,0.2701,0.2742,1.0151795631247686,375,370.0,0.46234655945159275,0.0,0.46234655945159275,True
2023-03-24,2023-03-31,2023,395.75,0.20620000000000002,0.2396,1.1619786614936953,380,375.0,0.2331493024498954,0.0,0.2331493024498954,True
2023-03-31,2023-04-06,2023,409.39,0.16510000000000002,0.21230000000000002,1.2858873410054512,395,390.0,0.13162254935879947,0.0,0.13162254935879947,True
2023-04-14,2023-04-21,2023,412.46,0.1335,0.2003,1.500374531835206,400,395.0,0.14517502236867674,0.0,0.14517502236867674,True
2023-04-21,2023-04-28,2023,412.2,0.14880000000000002,0.2039,1.370295698924731,395,390.0,0.0564183483254026,0.0,0.0564183483254026,True
2023-04-28,2023-05-05,2023,415.93,0.1553,0.1954,1.2582099162910496,400,395.0,0.1038332226428258,0.0,0.1038332226428258,True
2023-05-05,2023-05-12,2023,412.63,0.1534,0.2078,1.3546284224250327,400,395.0,0.22201672685122276,0.0,0.22201672685122276,True
2023-05-12,2023-05-19,2023,411.59,0.1409,0.2066,1.4662881476224274,395,390.0,0.05118915836761162,0.0,0.05118915836761162,True
2023-05-19,2023-05-26,2023,418.62,0.1425,0.2004,1.4063157894736842,405,400.0,0.14230637334556295,0.0,0.14230637334556295,True
2023-05-26,2023-06-02,2023,420.02,0.1724,0.20440000000000003,1.1856148491879352,405,400.0,0.1972277019169475,0.0,0.1972277019169475,True
2023-06-02,2023-06-09,2023,427.92,0.1274,0.17920000000000003,1.4065934065934067,415,410.0,0.12420682483767909,0.0,0.12420682483767909,True
2023-06-09,2023-06-16,2023,429.9,0.1329,0.1696,1.2761474793077503,415,410.0,0.08360735941367725,0.0,0.08360735941367725,True
2023-06-16,2023-06-23,2023,439.46,0.1133,0.1675,1.4783759929390998,425,420.0,0.04953196425246387,0.0,0.04953196425246387,True
2023-06-23,2023-06-30,2023,433.21,0.1161,0.16870000000000002,1.4530577088716625,420,415.0,0.0805196673679398,0.0,0.0805196673679398,True
2023-06-30,2023-07-07,2023,443.28,0.1153,0.1602,1.3894189071986125,425,420.0,0.013106941511704051,0.0,0.013106941511704051,True
2023-07-07,2023-07-14,2023,438.55,0.126,0.1724,1.3682539682539683,425,420.0,0.10997825067584666,0.0,0.10997825067584666,True
2023-07-14,2023-07-21,2023,449.28,0.11900000000000001,0.1604,1.3478991596638654,435,430.0,0.07655935248909884,0.0,0.07655935248909884,True
2023-07-21,2023-07-28,2023,452.18,0.125,0.16399999999999998,1.3119999999999998,435,430.0,0.03920903118294028,0.0,0.03920903118294028,True
2023-07-28,2023-08-04,2023,456.92,0.11230000000000001,0.1592,1.4176313446126447,440,435.0,0.023941669581084013,0.0,0.023941669581084013,True
2023-08-04,2023-08-11,2023,446.81,0.1609,0.1861,1.156619018023617,430,425.0,0.1333686430662322,0.0,0.1333686430662322,True
2023-08-11,2023-08-18,2023,445.65,0.1363,0.17559999999999998,1.288334556126192,430,425.0,0.09015058350894023,0.0,0.09015058350894023,True
2023-08-18,2023-08-25,2023,436.5,0.1654,0.1924,1.1632406287787183,420,415.0,0.14339465713412203,0.0,0.14339465713412203,True
2023-08-25,2023-09-01,2023,439.97,0.1378,0.1772,1.285921625544267,425,420.0,0.10752686418575585,0.0,0.10752686418575585,True
2023-09-01,2023-09-08,2023,451.19,0.1045,0.1574,1.5062200956937801,435,430.0,0.017996833281789193,0.0,0.017996833281789193,True
2023-09-08,2023-09-15,2023,445.52,0.12380000000000001,0.16140000000000002,1.3037156704361874,430,425.0,0.05921459251164429,0.0,0.05921459251164429,True
2023-09-15,2023-09-22,2023,443.37,0.1251,0.1602,1.2805755395683456,430,425.0,0.11845818335998004,0.0,0.11845818335998004,True
2023-09-22,2023-09-29,2023,430.42,0.1751,0.1809,1.0331239291833239,415,410.0,0.2081126443822221,0.0,0.2081126443822221,True
2023-09-29,2023-10-06,2023,427.48,0.172,0.18510000000000001,1.0761627906976745,410,405.0,0.12040712934218512,0.0,0.12040712934218512,True
2023-10-06,2023-10-13,2023,429.54,0.1629,0.1873,1.1497851442602824,415,410.0,0.19924395934665107,0.0,0.19924395934665107,True
2023-10-13,2023-10-20,2023,431.5,0.18760000000000002,0.2057,1.0964818763326225,415,410.0,0.2083068802697312,0.0,0.2083068802697312,True
2023-10-20,2023-10-27,2023,421.19,0.2076,0.22440000000000002,1.0809248554913296,405,400.0,0.270042562531696,0.0,0.270042562531696,True
2023-10-27,2023-11-03,2023,410.68,0.21359999999999998,0.2227,1.0426029962546817,395,390.0,0.2929922536044458,0.0,0.2929922536044458,True
2023-11-03,2023-11-10,2023,434.69,0.1371,0.1722,1.2560175054704594,420,415.0,0.10756358291825974,0.0,0.10756358291825974,True
2023-11-10,2023-11-17,2023,440.61,0.1278,0.16519999999999999,1.2926447574334898,425,420.0,0.06341655758966258,0.0,0.06341655758966258,True
2023-11-17,2023-11-24,2023,450.79,0.1067,0.1585,1.4854732895970009,435,430.0,0.024389593791245723,0.0,0.024389593791245723,True
2023-11-24,2023-12-01,2023,455.3,0.0983,0.1512,1.538148524923703,440,435.0,0.018589132353724558,0.0,0.018589132353724558,True
2023-12-01,2023-12-08,2023,459.1,0.1198,0.1536,1.2821368948247076,445,440.0,0.09331003405347804,0.0,0.09331003405347804,True
2023-12-08,2023-12-15,2023,460.2,0.12210000000000001,0.1516,1.2416052416052417,445,440.0,0.07334286950010682,0.0,0.07334286950010682,True
2023-12-15,2023-12-22,2023,469.33,0.10869999999999999,0.15130000000000002,1.3919043238270472,455,450.0,0.061108380251774674,0.0,0.061108380251774674,True
2023-12-22,2023-12-29,2023,473.65,0.11560000000000001,0.15990000000000001,1.3832179930795847,455,450.0,0.019646373317454446,0.0,0.019646373317454446,True
2023-12-29,2024-01-05,2023,475.31,0.1067,0.15259999999999999,1.4301780693533268,460,455.0,0.04200517669671844,0.0,0.04200517669671844,True
2024-01-05,2024-01-12,2024,467.92,0.11710000000000001,0.1551,1.3245089666951322,450,445.0,0.025632088295667876,0.0,0.025632088295667876,True
2024-01-12,2024-01-19,2024,476.68,0.1052,0.1494,1.420152091254753,460,455.0,0.02327144068098741,0.0,0.02327144068098741,True
2024-01-19,2024-01-26,2024,482.43,0.1182,0.15259999999999999,1.291032148900169,465,460.0,0.039677234535317796,0.0,0.039677234535317796,True
2024-01-26,2024-02-02,2024,487.41,0.1307,0.1503,1.1499617444529455,470,465.0,0.07216496297130837,0.0,0.07216496297130837,True
2024-02-02,2024-02-09,2024,494.35,0.1304,0.1561,1.197085889570552,475,470.0,0.044290142392683585,0.0,0.044290142392683585,True
2024-02-09,2024-02-16,2024,501.2,0.1161,0.1508,1.2988802756244617,485,480.0,0.06700513510840844,0.0,0.06700513510840844,True
2024-02-16,2024-02-23,2024,499.51,0.1257,0.1586,1.261734287987271,480,475.0,0.036570361019897746,0.0,0.036570361019897746,True
2024-02-23,2024-03-01,2024,507.85,0.1192,0.1525,1.2793624161073824,490,485.0,0.050143393769409794,0.0,0.050143393769409794,True
2024-03-01,2024-03-08,2024,512.85,0.1182,0.1493,1.2631133671742807,495,490.0,0.0508268710819344,0.0,0.0508268710819344,True
2024-03-08,2024-03-15,2024,511.72,0.1463,0.163,1.114149008885851,495,490.0,0.17038697844750672,0.0,0.17038697844750672,True
2024-03-15,2024-03-22,2024,509.83,0.1416,0.1641,1.1588983050847457,490,485.0,0.07137314124130922,0.0,0.07137314124130922,True
2024-03-22,2024-03-28,2024,521.21,0.10859999999999999,0.153,1.408839779005525,505,500.0,0.03760783405644874,0.0,0.03760783405644874,True
2024-04-05,2024-04-12,2024,518.43,0.15460000000000002,0.1718,1.111254851228978,500,495.0,0.15328756082143258,0.0,0.15328756082143258,True
2024-04-12,2024-04-19,2024,510.85,0.17329999999999998,0.182,1.0502019619157532,495,490.0,0.32749539010675477,0.0,0.32749539010675477,True
2024-04-19,2024-04-26,2024,495.16,0.1813,0.1925,1.0617760617760619,480,475.0,0.372341489996721,0.0,0.372341489996721,True
2024-04-26,2024-05-03,2024,508.26,0.1467,0.16269999999999998,1.10906612133606,490,485.0,0.11938480485860037,0.0,0.11938480485860037,True
2024-05-03,2024-05-10,2024,511.29,0.12,0.1527,1.2725,495,490.0,0.08503244273738053,0.0,0.08503244273738053,True
2024-05-10,2024-05-17,2024,520.84,0.1182,0.1466,1.2402707275803724,505,500.0,0.09867221416438365,0.0,0.09867221416438365,True
2024-05-17,2024-05-24,2024,529.45,0.0967,0.1399,1.4467425025853156,510,505.0,0.00938708478233774,0.0,0.00938708478233774,True
2024-05-24,2024-05-31,2024,529.44,0.0919,0.1417,1.5418933623503808,510,505.0,0.006094157519948212,0.0,0.006094157519948212,True
2024-05-31,2024-06-07,2024,527.37,0.1168,0.1466,1.25513698630137,510,505.0,0.06477977677678703,0.0,0.06477977677678703,True
2024-06-07,2024-06-14,2024,534.01,0.1233,0.1441,1.1686942416869424,515,510.0,0.05770702066450095,0.0,0.05770702066450095,True
2024-06-14,2024-06-21,2024,542.78,0.11,0.1484,1.3490909090909091,525,520.0,0.04941876775459253,0.0,0.04941876775459253,True
2024-06-21,2024-06-28,2024,544.51,0.1096,0.1517,1.3841240875912408,525,520.0,0.028475466456973964,0.0,0.028475466456973964,True
2024-06-28,2024-07-05,2024,544.22,0.1054,0.1452,1.3776091081593929,525,520.0,0.0242542968854238,0.0,0.0242542968854238,True
2024-07-05,2024-07-12,2024,554.64,0.1081,0.1435,1.3274745605920444,535,530.0,0.028454810877319492,0.0,0.028454810877319492,True
2024-07-12,2024-07-19,2024,559.99,0.10550000000000001,0.1437,1.3620853080568718,540,535.0,0.02313504096421304,0.0,0.02313504096421304,True
2024-07-19,2024-07-26,2024,548.99,0.15039999999999998,0.1716,1.1409574468085109,530,525.0,0.15758440053956768,0.0,0.15758440053956768,True
2024-07-26,2024-08-02,2024,544.44,0.1681,0.1724,1.0255800118976799,525,520.0,0.2042228140249307,0.0,0.2042228140249307,True
2024-08-02,2024-08-09,2024,532.9,0.23309999999999997,0.2334,1.0012870012870014,515,510.0,0.5136899508578807,0.0,0.5136899508578807,True
2024-08-09,2024-08-16,2024,532.99,0.2006,0.2118,1.0558325024925224,515,510.0,0.3793327148738044,0.0,0.3793327148738044,True
2024-08-16,2024-08-23,2024,554.31,0.1297,0.17809999999999998,1.3731688511950653,535,530.0,0.0840277027719667,0.0,0.0840277027719667,True
2024-08-23,2024-08-30,2024,562.13,0.1369,0.1819,1.3287070854638423,545,540.0,0.18011765683048608,0.0,0.18011765683048608,True
2024-08-30,2024-09-06,2024,563.68,0.129,0.1743,1.3511627906976744,545,540.0,0.10363492852404299,4.639999999999986,-4.536365071475943,False
2024-09-06,2024-09-13,2024,540.36,0.22260000000000002,0.2274,1.0215633423180592,520,515.0,0.36572654687926587,0.0,0.36572654687926587,True
2024-09-13,2024-09-20,2024,562.01,0.158,0.1928,1.220253164556962,545,540.0,0.285154284168911,0.0,0.285154284168911,True
2024-09-20,2024-09-27,2024,568.25,0.132,0.1894,1.4348484848484848,550,545.0,0.13027639654364176,0.0,0.13027639654364176,True
2024-09-27,2024-10-04,2024,571.47,0.1574,0.1954,1.2414231257941548,550,545.0,0.1377990246976264,0.0,0.1377990246976264,True
2024-10-04,2024-10-11,2024,572.98,0.1648,0.2065,1.2530339805825241,555,550.0,0.2909277351801336,0.0,0.2909277351801336,True
2024-10-11,2024-10-18,2024,579.58,0.1433,0.2077,1.4494068387997208,560,555.0,0.147732970803796,0.0,0.147732970803796,True
2024-10-18,2024-10-25,2024,584.59,0.12380000000000001,0.19190000000000002,1.550080775444265,565,560.0,0.08346937720467462,0.0,0.08346937720467462,True
2024-10-25,2024-11-01,2024,579.04,0.18489999999999998,0.2094,1.13250405624662,560,555.0,0.3444739644556343,0.0,0.3444739644556343,True
2024-11-01,2024-11-08,2024,571.04,0.2347,0.2191,0.9335321687260332,550,545.0,0.4360745005434623,0.0,0.4360745005434623,True
2024-11-08,2024-11-15,2024,598.19,0.1309,0.16829999999999998,1.2857142857142856,580,575.0,0.1590921580425615,0.0,0.1590921580425615,True
2024-11-15,2024-11-22,2024,585.75,0.1481,0.17809999999999998,1.202565833896016,565,560.0,0.1396498166540372,0.0,0.1396498166540372,True
2024-11-22,2024-11-29,2024,595.51,0.11460000000000001,0.17300000000000001,1.5095986038394416,575,570.0,0.049537371223951965,0.0,0.049537371223951965,True
2024-11-29,2024-12-06,2024,602.55,0.10890000000000001,0.16260000000000002,1.4931129476584022,580,575.0,0.02170216274120229,0.0,0.02170216274120229,True
2024-12-06,2024-12-13,2024,607.81,0.1038,0.1632,1.5722543352601157,585,580.0,0.015175276043438601,0.0,0.015175276043438601,True
2024-12-13,2024-12-20,2024,604.21,0.109,0.17149999999999999,1.5733944954128438,585,580.0,0.05870058399755118,0.0,0.05870058399755118,True
2024-12-20,2024-12-27,2024,591.15,0.1595,0.201,1.2601880877742948,570,565.0,0.17617748723596272,0.0,0.17617748723596272,True
2024-12-27,2025-01-03,2024,595.01,0.1331,0.1807,1.357625845229151,575,570.0,0.11389921233042433,0.0,0.11389921233042433,True
2025-01-03,2025-01-10,2025,591.95,0.1344,0.1814,1.3497023809523812,570,565.0,0.07590171205578944,0.0,0.07590171205578944,True
2025-01-10,2025-01-17,2025,580.49,0.1783,0.2097,1.1761076836791924,560,555.0,0.2580651121549131,0.0,0.2580651121549131,True
2025-01-17,2025-01-24,2025,597.58,0.1413,0.1819,1.2873319179051663,575,570.0,0.08778297474477093,0.0,0.08778297474477093,True
2025-01-24,2025-01-31,2025,607.97,0.1288,0.17550000000000002,1.362577639751553,585,580.0,0.05640988064545738,0.0,0.05640988064545738,True
2025-01-31,2025-02-07,2025,601.82,0.1585,0.1843,1.162776025236593,580,575.0,0.1653403391567032,0.0,0.1653403391567032,True
2025-02-07,2025-02-14,2025,600.77,0.1467,0.1863,1.2699386503067485,580,575.0,0.14970181212928502,0.0,0.14970181212928502,True
2025-02-14,2025-02-21,2025,609.7,0.11560000000000001,0.17809999999999998,1.5406574394463666,590,585.0,0.0732480806642517,0.0,0.0732480806642517,True
2025-02-21,2025-02-28,2025,599.94,0.17,0.1948,1.1458823529411764,580,575.0,0.27306782049724987,0.0,0.27306782049724987,True
2025-02-28,2025-03-07,2025,594.18,0.1888,0.2018,1.06885593220339,575,570.0,0.3811855116132712,0.0,0.3811855116132712,True
2025-03-07,2025-03-14,2025,575.92,0.2379,0.2259,0.9495586380832282,555,550.0,0.46247866361935763,0.0,0.46247866361935763,True
2025-03-14,2025-03-21,2025,562.81,0.2177,0.2217,1.0183739090491501,545,540.0,0.5195613822200684,0.0,0.5195613822200684,True
2025-03-21,2025-03-28,2025,563.98,0.1858,0.20350000000000001,1.0952637244348764,545,540.0,0.32557368076773585,0.0,0.32557368076773585,True
2025-03-28,2025-04-04,2025,555.66,0.22690000000000002,0.22010000000000002,0.9700308505949757,535,530.0,0.39642078893763966,5.0,-4.60357921106236,False
2025-04-04,2025-04-11,2025,505.28,0.5717,0.3671,0.6421199930033235,490,485.0,1.2099568657352222,0.0,1.2099568657352222,True
2025-04-11,2025-04-17,2025,533.94,0.43320000000000003,0.33909999999999996,0.7827793167128345,515,510.0,0.8518191234467167,0.0,0.8518191234467167,True
2025-04-25,2025-05-02,2025,550.64,0.2464,0.25370000000000004,1.0296266233766236,530,525.0,0.4559243513168383,0.0,0.4559243513168383,True
2025-05-02,2025-05-09,2025,566.76,0.2122,0.24,1.131008482563619,545,540.0,0.3163773276121553,0.0,0.3163773276121553,True
2025-05-09,2025-05-16,2025,564.34,0.2087,0.23379999999999998,1.120268327743172,545,540.0,0.40507580665133247,0.0,0.40507580665133247,True
2025-05-16,2025-05-23,2025,594.2,0.1435,0.20079999999999998,1.3993031358885017,575,570.0,0.17668453419409502,0.0,0.17668453419409502,True
2025-05-23,2025-05-30,2025,579.11,0.20629999999999998,0.23800000000000002,1.1536597188560351,560,555.0,0.4339629551944739,0.0,0.4339629551944739,True
2025-05-30,2025-06-06,2025,589.39,0.1674,0.2138,1.2771804062126644,570,565.0,0.26801756612227834,0.0,0.26801756612227834,True
2025-06-06,2025-06-13,2025,599.14,0.142,0.2002,1.4098591549295776,580,575.0,0.17798816020474995,0.0,0.17798816020474995,True
2025-06-13,2025-06-20,2025,597.0,0.19260000000000002,0.2262,1.1744548286604362,575,570.0,0.28257904287630353,0.0,0.28257904287630353,True
2025-06-20,2025-06-27,2025,594.28,0.1832,0.2248,1.2270742358078603,575,570.0,0.351451057306722,0.0,0.351451057306722,True
2025-06-27,2025-07-03,2025,614.91,0.1281,0.1945,1.518345042935207,595,590.0,0.07996824530163771,0.0,0.07996824530163771,True
2025-07-11,2025-07-18,2025,623.62,0.1303,0.1937,1.486569455103607,600,595.0,0.05984159521165422,0.0,0.05984159521165422,True
2025-07-18,2025-07-25,2025,627.58,0.127,0.19579999999999997,1.5417322834645668,605,600.0,0.06895172740691624,0.0,0.06895172740691624,True
2025-07-25,2025-08-01,2025,637.1,0.1283,0.1832,1.4279033515198754,615,610.0,0.08716058694041795,0.0,0.08716058694041795,True
2025-08-01,2025-08-08,2025,621.72,0.1953,0.21239999999999998,1.087557603686636,600,595.0,0.34257164867589296,0.0,0.34257164867589296,True
2025-08-08,2025-08-15,2025,637.18,0.1286,0.187,1.454121306376361,615,610.0,0.08666912344138833,0.0,0.08666912344138833,True
2025-08-15,2025-08-22,2025,643.44,0.13269999999999998,0.1864,1.4046721929163528,620,615.0,0.08098818119862816,0.0,0.08098818119862816,True
2025-08-22,2025-08-29,2025,645.31,0.1185,0.1776,1.49873417721519,625,620.0,0.09568694742647921,0.0,0.09568694742647921,True
2025-08-29,2025-09-05,2025,645.05,0.1272,0.18350000000000002,1.4426100628930818,625,620.0,0.1356603997952206,0.0,0.1356603997952206,True
2025-09-05,2025-09-12,2025,647.24,0.1266,0.18420000000000003,1.4549763033175358,625,620.0,0.0863361344350908,0.0,0.0863361344350908,True
2025-09-12,2025-09-19,2025,657.41,0.1285,0.18059999999999998,1.4054474708171205,635,630.0,0.09648414873159972,0.0,0.09648414873159972,True
2025-09-19,2025-09-26,2025,663.7,0.1241,0.1848,1.4891216760676873,640,635.0,0.06556296345334811,0.0,0.06556296345334811,True
2025-09-26,2025-10-03,2025,661.82,0.12269999999999999,0.1841,1.5004074979625104,640,635.0,0.09166110935564564,0.0,0.09166110935564564,True
2025-10-03,2025-10-10,2025,669.21,0.13470000000000001,0.19079999999999997,1.416481069042316,645,640.0,0.09118533716592214,0.0,0.09118533716592214,True
2025-10-10,2025-10-17,2025,653.02,0.217,0.2281,1.051152073732719,630,625.0,0.4267009149343437,0.0,0.4267009149343437,True
2025-10-17,2025-10-24,2025,664.39,0.198,0.22089999999999999,1.1156565656565656,640,635.0,0.31575149987521556,0.0,0.31575149987521556,True
2025-10-24,2025-10-31,2025,677.25,0.1485,0.192,1.292929292929293,655,650.0,0.196532450564316,0.0,0.196532450564316,True
2025-10-31,2025-11-07,2025,682.06,0.1471,0.20489999999999997,1.3929299796057102,660,655.0,0.20146315999243924,0.0,0.20146315999243924,True
2025-11-07,2025-11-14,2025,670.97,0.17309999999999998,0.2119,1.224147891392259,650,645.0,0.3497059487572116,0.0,0.3497059487572116,True
2025-11-14,2025-11-21,2025,671.93,0.1861,0.2158,1.1595916174099947,650,645.0,0.371615250335644,0.0,0.371615250335644,True
2025-11-21,2025-11-28,2025,659.03,0.2151,0.2396,1.113900511390051,635,630.0,0.3877291522520494,0.0,0.3877291522520494,True
2025-11-28,2025-12-05,2025,683.39,0.1361,0.19640000000000002,1.4430565760470244,660,655.0,0.12282572906153355,0.0,0.12282572906153355,True
2025-12-05,2025-12-12,2025,685.69,0.139,0.19269999999999998,1.3863309352517983,665,660.0,0.2117932969230445,0.0,0.2117932969230445,True
2025-12-12,2025-12-19,2025,681.76,0.1348,0.1925,1.4280415430267062,660,655.0,0.1560804971481602,0.0,0.1560804971481602,True
2025-12-19,2025-12-26,2025,680.59,0.10490000000000001,0.1825,1.7397521448999045,660,655.0,0.06618267753047746,0.0,0.06618267753047746,True
2025-12-26,2026-01-02,2025,690.31,0.0965,0.1777,1.8414507772020725,665,660.0,0.011214769465039298,0.0,0.011214769465039298,True
2026-01-02,2026-01-09,2026,683.33,0.11720000000000001,0.1802,1.5375426621160408,660,655.0,0.06276303850224263,0.0,0.06276303850224263,True
2026-01-09,2026-01-16,2026,694.005,0.10859999999999999,0.1788,1.6464088397790055,670,665.0,0.038508965709139975,0.0,0.038508965709139975,True
2026-01-16,2026-01-23,2026,691.58,0.1209,0.18989999999999999,1.5707196029776676,670,665.0,0.11184380186998766,0.0,0.11184380186998766,True
2026-01-23,2026-01-30,2026,689.2,0.15,0.19149999999999998,1.2766666666666666,665,660.0,0.16108615693780948,0.0,0.16108615693780948,True
2026-01-30,2026-02-06,2026,691.8,0.15689999999999998,0.2007,1.2791586998087954,670,665.0,0.26724104647049174,0.0,0.26724104647049174,True
2026-02-06,2026-02-13,2026,690.72,0.1543,0.20370000000000002,1.320155541153597,665,660.0,0.1422973899417439,0.0,0.1422973899417439,True
2026-02-13,2026-02-20,2026,681.61,0.1877,0.2217,1.1811401172083111,660,655.0,0.40744979819564264,0.0,0.40744979819564264,True
2026-02-20,2026-02-27,2026,689.44,0.1802,0.2109,1.1703662597114317,665,660.0,0.2763975584260372,0.0,0.2763975584260372,True
2026-02-27,2026-03-06,2026,686.16,0.1859,0.21559999999999999,1.1597633136094674,665,660.0,0.426062551321877,0.0,0.426062551321877,True
2026-03-06,2026-03-13,2026,672.44,0.3044,0.2756,0.9053876478318003,650,645.0,0.7849764502415297,0.0,0.7849764502415297,True
2026-03-13,2026-03-20,2026,662.3,0.28,0.2728,0.9742857142857142,640,635.0,0.7013368186089934,0.0,0.7013368186089934,True
2026-03-20,2026-03-27,2026,648.48,0.2695,0.2743,1.0178107606679034,625,620.0,0.5865527319058472,0.0,0.5865527319058472,True
2026-03-27,2026-04-02,2026,634.04,0.3064,0.2927,0.9552872062663186,615,610.0,0.8061736855086963,0.0,0.8061736855086963,True
2026-04-10,2026-04-17,2026,679.35,0.1636,0.2186,1.3361858190709046,655,650.0,0.1997973075872288,0.0,0.1997973075872288,True
2026-04-17,2026-04-24,2026,710.06,0.1481,0.2051,1.3848750844024307,685,680.0,0.15241183646961254,0.0,0.15241183646961254,True
2026-04-24,2026-05-01,2026,713.97,0.1671,0.213,1.2746858168761221,690,685.0,0.26666818909307466,0.0,0.26666818909307466,True
2026-05-01,2026-05-08,2026,720.49,0.14150000000000001,0.20370000000000002,1.4395759717314487,695,690.0,0.12749922276420556,0.0,0.12749922276420556,True
2026-05-08,2026-05-15,2026,737.54,0.1421,0.205,1.442646023926812,715,710.0,0.22335035582190343,0.0,0.22335035582190343,True
2026-05-15,2026-05-22,2026,739.1,0.1637,0.21359999999999998,1.3048259010384848,715,710.0,0.2773328598134519,0.0,0.2773328598134519,True
2026-05-22,2026-05-29,2026,745.67,0.1407,0.2003,1.4235963041933193,720,715.0,0.14113669564639508,0.0,0.14113669564639508,True
2026-05-29,2026-06-05,2026,756.34,0.1259,0.1866,1.4821286735504366,730,725.0,0.08432343803424214,0.0,0.08432343803424214,True
2026-06-05,2026-06-12,2026,737.45,0.23920000000000002,0.2182,0.9122073578595317,715,710.0,0.6812164480477207,0.0,0.6812164480477207,True
2026-06-12,2026-06-18,2026,741.67,0.1726,0.2051,1.1882966396292005,715,710.0,0.18135946889929855,0.0,0.18135946889929855,True
2026-06-26,2026-07-02,2026,729.35,0.168,0.20129999999999998,1.1982142857142855,705,700.0,0.2143133521575855,0.0,0.2143133521575855,True
2026-07-10,2026-07-17,2026,754.94,0.1115,0.1857,1.6654708520179373,730,725.0,0.06037031183265018,0.0,0.06037031183265018,True
2026-07-17,2026-07-24,2026,743.28,0.1685,0.2054,1.2189910979228487,720,715.0,0.33489313539149634,0.0,0.33489313539149634,True
2026-07-24,2026-07-31,2026,738.9,0.17620000000000002,0.2051,1.1640181611804765,715,710.0,0.342770909573332,0.0,0.342770909573332,True
2026-07-31,2026-08-07,2026,746.79,0.1305,0.1902,1.457471264367816,720,715.0,0.08589175842851748,0.0,0.08589175842851748,True
2026-08-07,2026-08-14,2026,773.16,0.11960000000000001,0.18719999999999998,1.5652173913043474,745,740.0,0.051941349823401595,0.0,0.051941349823401595,True
2026-08-14,2026-08-21,2026,776.3,0.1061,0.18460000000000001,1.7398680490103677,750,745.0,0.04018378171271575,0.0,0.04018378171271575,True
2026-08-21,2026-08-28,2026,765.64,0.1258,0.185,1.4705882352941178,740,735.0,0.10137881921964009,0.0,0.10137881921964009,True
2026-08-28,2026-08-31,2026,769.28,0.11220000000000001,0.1748,1.5579322638146167,745,740.0,0.0031992651143042117,0.0,0.0031992651143042117,True
