date,realized_vol_annualized_pct
2016-07-01,7.50110485123309
2016-07-05,8.844891393387089
2016-07-06,11.80007927719506
2016-07-07,9.084958333706652
2016-07-08,6.805201189787355
2016-07-11,5.5771708546380925
2016-07-12,4.97835586008968
2016-07-13,6.1768538192086275
2016-07-14,6.211658991800891
2016-07-15,5.744122064942574
2016-07-18,4.594455854615798
2016-07-19,5.119607247927509
2016-07-20,4.356810636593206
2016-07-21,5.557854681267426
2016-07-22,4.681988008488144
2016-07-25,5.30056903113299
2016-07-26,7.267264098928389
2016-07-27,8.437500311716072
2016-07-28,7.011792906034444
2016-07-29,6.3647045252984435
2016-08-01,7.843588726612404
2016-08-02,8.376510742873219
2016-08-03,5.876861881720392
2016-08-04,5.504543510195993
2016-08-05,4.389289007958844
2016-08-08,4.14656617109792
2016-08-09,4.540048336377117
2016-08-10,5.655812475822309
2016-08-11,4.893482578561136
2016-08-12,4.925044256867155
2016-08-15,3.499105403815692
2016-08-16,4.898528848904734
2016-08-17,7.199887226126224
2016-08-18,4.346255097827198
2016-08-19,4.7001096795530914
2016-08-22,6.682500985819763
2016-08-23,4.421825562697778
2016-08-24,5.635292617092163
2016-08-25,6.668912569826952
2016-08-26,11.594942863417607
2016-08-29,4.595192490697647
2016-08-30,5.947257523600487
2016-08-31,6.486314125088118
2016-09-01,8.08466184205443
2016-09-02,6.069661360502028
2016-09-06,6.123134620175177
2016-09-07,5.017144344083016
2016-09-08,6.500889973098005
2016-09-09,9.286345380119785
2016-09-12,12.364210503762758
2016-09-13,15.380003583703688
2016-09-14,12.01739741146291
2016-09-15,10.637581625209837
2016-09-16,9.43047586440564
2016-09-19,7.728563812777618
2016-09-20,7.159202413219664
2016-09-21,10.502766950774852
2016-09-22,6.08143668363382
2016-09-23,5.860889503436428
2016-09-26,7.010160312084561
2016-09-27,7.921592325395952
2016-09-28,8.39962027521493
2016-09-29,12.348303108708551
2016-09-30,7.3069002702248085
2016-10-03,8.317312378591698
2016-10-04,11.207245824567746
2016-10-05,5.874461006711411
2016-10-06,6.731470914166569
2016-10-07,9.302683737323672
2016-10-10,4.597339253439734
2016-10-11,9.105404113360507
2016-10-12,7.640575267041178
2016-10-13,9.353770572262157
2016-10-14,8.283972521563975
2016-10-17,7.437128216773938
2016-10-18,5.6597350879276895
2016-10-19,4.508236603725252
2016-10-20,8.302690501259955
2016-10-21,5.829236937938792
2016-10-24,4.878813061944089
2016-10-25,5.527082298379256
2016-10-26,7.842111579672404
2016-10-27,7.674692679926555
2016-10-28,12.07074170477296
2016-10-31,7.0620667496108585
2016-11-01,10.294078000586243
2016-11-02,11.06479135716433
2016-11-03,8.65912692866657
2016-11-04,9.08360960251033
2016-11-07,5.258831699902908
2016-11-08,7.384206066839441
2016-11-09,18.817974212644124
2016-11-10,16.67051279420703
2016-11-11,10.632640864352199
2016-11-14,10.336428088963897
2016-11-15,6.363490967734356
2016-11-16,5.870456661620912
2016-11-17,5.9392755111546505
2016-11-18,5.251534984426718
2016-11-21,8.286645101559467
2016-11-22,4.657896811559305
2016-11-23,5.454201838938469
2016-11-25,3.5806711990776696
2016-11-28,5.246204892898922
2016-11-29,5.119340130476762
2016-11-30,5.93940612733272
2016-12-01,7.758112100431728
2016-12-02,6.386521354266835
2016-12-05,5.713731501175168
2016-12-06,4.790918133256395
2016-12-07,5.744945751377067
2016-12-08,7.54809342650034
2016-12-09,4.613043602805885
2016-12-12,5.590435002553418
2016-12-13,6.1430199921274475
2016-12-14,9.207003370963763
2016-12-15,8.747438624777459
2016-12-16,6.343353165370661
2016-12-19,5.7684935029198305
2016-12-20,4.3810599459344335
2016-12-21,3.5047048423804856
2016-12-22,4.11241506937891
2016-12-23,2.969897573534517
2016-12-27,3.1709449586134175
2016-12-28,5.214966228834314
2016-12-29,5.0914770522611645
2016-12-30,6.667880180189398
2017-01-03,15.478828819146054
2017-01-04,5.952753998685513
2017-01-05,5.704784820105255
2017-01-06,6.03327173378864
2017-01-09,5.053025556514877
2017-01-10,4.964774138489557
2017-01-11,9.985860268220424
2017-01-12,7.184810477402488
2017-01-13,5.272428279825299
2017-01-17,5.770677062538051
2017-01-18,5.554276045714897
2017-01-19,6.085399143410937
2017-01-20,8.01576054745404
2017-01-23,6.314060093437615
2017-01-24,4.501552164432618
2017-01-25,4.71578406253975
2017-01-26,4.891070001551553
2017-01-27,4.564205928184657
2017-01-30,6.3153210648082645
2017-01-31,6.505888026192482
2017-02-01,7.582260203733758
2017-02-02,5.944981893967851
2017-02-03,5.686225098502659
2017-02-06,5.292469403823988
2017-02-07,4.792651907705347
2017-02-08,5.3457072560388
2017-02-09,4.534903402271793
2017-02-10,4.147378912357668
2017-02-13,3.8442425009791545
2017-02-14,5.156865683957116
2017-02-15,4.740820483667578
2017-02-16,6.688943791788568
2017-02-17,5.192829234762818
2017-02-21,4.924114806217899
2017-02-22,4.684956601733498
2017-02-23,5.3151751395515845
2017-02-24,5.479732675158032
2017-02-27,5.36517371937094
2017-02-28,4.1398902030669165
2017-03-01,4.902246141678754
2017-03-02,4.991296248894377
2017-03-03,5.725936112869544
2017-03-06,4.9637262725860065
2017-03-07,5.564924996631601
2017-03-08,5.429007815640154
2017-03-09,6.446780292478932
2017-03-10,6.289290058892178
2017-03-13,4.3972542034566455
2017-03-14,5.820669520872572
2017-03-15,6.961344792083982
2017-03-16,5.928598555524775
2017-03-17,4.529571078677617
2017-03-20,5.009195422376752
2017-03-21,10.92462249944894
2017-03-22,9.057669797873446
2017-03-23,8.589728579327232
2017-03-24,9.222061823649378
2017-03-27,8.1447430552143
2017-03-28,7.60922451443283
2017-03-29,5.91283260785564
2017-03-30,5.734486293531775
2017-03-31,5.495134814130082
2017-04-03,7.865400930028456
2017-04-04,6.271644648471357
2017-04-05,8.374201056911463
2017-04-06,7.984436354089225
2017-04-07,7.8040663593732695
2017-04-10,6.965921536250424
2017-04-11,9.775489319075499
2017-04-12,8.486678887741883
2017-04-13,7.5371993849159615
2017-04-17,5.446452334911771
2017-04-18,6.62159661342346
2017-04-19,6.330747436327826
2017-04-20,6.04467933539991
2017-04-21,6.296051498860009
2017-04-24,5.532595594424028
2017-04-25,4.566339568997592
2017-04-26,7.361088836559605
2017-04-27,5.167724162556988
2017-04-28,4.53039366774524
2017-05-01,4.986066863649365
2017-05-02,4.503930141952662
2017-05-03,4.890421113784487
2017-05-04,6.259283377042831
2017-05-05,4.450117202270847
2017-05-08,3.751052067254096
2017-05-09,4.372333670837961
2017-05-10,3.8784848129097917
2017-05-11,5.980885303018421
2017-05-12,4.280057474149388
2017-05-15,3.516047160668634
2017-05-16,4.184682930407567
2017-05-17,8.926489056335383
2017-05-18,10.039696840402348
2017-05-19,6.258648768771402
2017-05-22,4.222178377454817
2017-05-23,4.296803067923982
2017-05-24,4.182438745848627
2017-05-25,4.7585158450695895
2017-05-26,3.4974356680183885
2017-05-30,3.9400132271705615
2017-05-31,6.233149962938138
2017-06-01,4.653088497869383
2017-06-02,4.8614680458265385
2017-06-05,3.6273741207026027
2017-06-06,4.587944097985411
2017-06-07,5.364859484999104
2017-06-08,6.338317543376186
2017-06-09,8.86368784451516
2017-06-12,6.727492477286376
2017-06-13,4.933456731030483
2017-06-14,7.462000141883085
2017-06-15,6.579218801411522
2017-06-16,5.760073952112032
2017-06-19,3.97408129051776
2017-06-20,4.97303282139748
2017-06-21,5.618604396815516
2017-06-22,4.799806198405359
2017-06-23,4.2824775518317315
2017-06-26,5.715070514566985
2017-06-27,6.868854653196276
2017-06-28,5.150739757687487
2017-06-29,11.07652074610388
2017-06-30,6.0293212912044005
2017-07-03,14.816460520402696
2017-07-05,5.972068352570375
2017-07-06,7.1182923917432275
2017-07-07,5.000189311413038
2017-07-10,4.202752227430357
2017-07-11,6.215666805226147
2017-07-12,5.143675836174539
2017-07-13,4.2368540303975815
2017-07-14,3.736991352823418
2017-07-17,3.9249005028219166
2017-07-18,4.269598707010055
2017-07-19,3.2182560005477647
2017-07-20,5.139586615403427
2017-07-21,4.18249738151896
2017-07-24,3.088422957098015
2017-07-25,3.556483549500405
2017-07-26,4.074184801696955
2017-07-27,7.71461971814221
2017-07-28,5.237744079357977
2017-07-31,4.155546276903692
2017-08-01,3.9706909259755676
2017-08-02,4.927159960219721
2017-08-03,4.277350730255681
2017-08-04,4.742990779946423
2017-08-07,2.4030873330928384
2017-08-08,5.3618675283754715
2017-08-09,6.574279080180618
2017-08-10,8.917537802345016
2017-08-11,6.651127862168724
2017-08-14,4.4632886418146045
2017-08-15,4.9656061188698315
2017-08-16,5.700200255547028
2017-08-17,9.76602631265232
2017-08-18,9.028102234223434
2017-08-21,6.746024120495542
2017-08-22,4.663911769778838
2017-08-23,5.3225448926923065
2017-08-24,6.845868356888091
2017-08-25,5.808579728544612
2017-08-28,4.570395332396006
2017-08-29,6.5523843294773005
2017-08-30,4.550868205598648
2017-08-31,4.923746251157405
2017-09-01,3.6427605154499205
2017-09-05,8.403318701299249
2017-09-06,5.5852061516009
2017-09-07,5.676667461600879
2017-09-08,4.415019205721939
2017-09-11,3.478261197815644
2017-09-12,3.9342556638606667
2017-09-13,3.2358068186480247
2017-09-14,3.3783594661992002
2017-09-15,3.0772522591720826
2017-09-18,3.4933435176192322
2017-09-19,3.4231658331711765
2017-09-20,5.810614826816058
2017-09-21,4.078868332484401
2017-09-22,3.459063229756582
2017-09-25,6.225641264770827
2017-09-26,4.708849430471311
2017-09-27,4.813334615809403
2017-09-28,4.238109449765467
2017-09-29,3.7818364842201255
2017-10-02,3.8396341478762523
2017-10-03,2.8805175656539537
2017-10-04,3.525108836662479
2017-10-05,3.360613442187564
2017-10-06,4.0053730197326205
2017-10-09,3.228190050299344
2017-10-10,4.544346816331708
2017-10-11,2.9207936133378425
2017-10-12,3.594103756014081
2017-10-13,2.949979029484415
2017-10-16,3.1196381872739978
2017-10-17,2.8923855670060346
2017-10-18,3.0821471683730572
2017-10-19,4.8336106916466415
2017-10-20,3.616187090825138
2017-10-23,4.179984399511751
2017-10-24,4.079141429617837
2017-10-25,7.0602229705867785
2017-10-26,5.078096947406122
2017-10-27,5.144951058061093
2017-10-30,4.745031453338019
2017-10-31,3.4112690366026834
2017-11-01,5.36396118572468
2017-11-02,6.21689541172157
2017-11-03,3.9317027028572182
2017-11-06,2.94366492713148
2017-11-07,4.610008794388162
2017-11-08,3.627065416709569
2017-11-09,8.620343365928568
2017-11-10,5.051867259496471
2017-11-13,3.799300139094477
2017-11-14,6.439328962527227
2017-11-15,6.425318446931729
2017-11-16,3.9587316401624024
2017-11-17,4.302885432650045
2017-11-20,3.4252042102089346
2017-11-21,3.325780005705809
2017-11-22,3.0595676134612964
2017-11-24,2.4376027540481933
2017-11-27,3.431730310056164
2017-11-28,4.563807503821903
2017-11-29,6.531296564339062
2017-11-30,6.268306920165924
2017-12-01,19.850211861067283
2017-12-04,7.24486975645887
2017-12-05,6.723484629097265
2017-12-06,6.377097783844262
2017-12-07,5.343001651275653
2017-12-08,8.346706882206355
2017-12-11,3.6651710353507694
2017-12-12,5.311087086459527
2017-12-13,4.978577374321139
2017-12-14,4.954725243753318
2017-12-15,4.682434686150148
2017-12-18,3.9470979015463743
2017-12-19,4.39603888702769
2017-12-20,5.482676390490681
2017-12-21,3.6042189234389213
2017-12-22,3.6633489905531604
2017-12-26,3.175304236747497
2017-12-27,3.0363406967432742
2017-12-28,2.397642221270323
2017-12-29,3.7515631296814256
2018-01-02,4.351065785756266
2018-01-03,3.939874259475811
2018-01-04,4.129001678603747
2018-01-05,4.263298582893203
2018-01-08,3.7575098088174506
2018-01-09,4.800214763607094
2018-01-10,5.608026828730561
2018-01-11,4.0384265859459925
2018-01-12,5.004930997198994
2018-01-16,8.400666456512582
2018-01-17,6.646808125459139
2018-01-18,6.977897179270169
2018-01-19,6.115528178022874
2018-01-22,6.268918424428209
2018-01-23,6.747735109291826
2018-01-24,9.57503610341253
2018-01-25,9.116836685157608
2018-01-26,5.407634956737299
2018-01-29,7.51817483701381
2018-01-30,10.431194263699192
2018-01-31,8.324719247075095
2018-02-01,9.89106005816525
2018-02-02,11.641443709936883
2018-02-05,16.473042150219733
2018-02-06,42.149310331905276
2018-02-07,21.051099636481922
2018-02-08,26.47329344978187
2018-02-09,35.71413643401708
2018-02-12,19.272806945077072
2018-02-13,15.374871327758374
2018-02-14,21.1704981652527
2018-02-15,12.97353518504849
2018-02-16,14.02237042886557
2018-02-20,11.45760061407184
2018-02-21,12.189324132194496
2018-02-22,14.023715461387603
2018-02-23,9.975380564649614
2018-02-26,7.673468938352183
2018-02-27,12.601122324731797
2018-02-28,11.679640031982643
2018-03-01,22.706816214637293
2018-03-02,19.045715524268793
2018-03-05,13.511217573016065
2018-03-06,12.57792857007369
2018-03-07,13.074747400640204
2018-03-08,9.721626157592473
2018-03-09,9.56223228809463
2018-03-12,8.952339246422978
2018-03-13,12.219332366522778
2018-03-14,13.349592589344809
2018-03-15,9.305485606147986
2018-03-16,7.589105384782122
2018-03-19,12.736777710104851
2018-03-20,9.973412385122074
2018-03-21,13.57609115707714
2018-03-22,18.221032803250772
2018-03-23,20.705444866461864
2018-03-26,15.717837894394856
2018-03-27,21.50123687524729
2018-03-28,26.464489450804567
2018-03-29,15.476927168573926
2018-04-02,22.48217942226368
2018-04-03,20.653754925307748
2018-04-04,19.212554262077617
2018-04-05,14.081625876174437
2018-04-06,21.06601005912281
2018-04-09,13.481467876516534
2018-04-10,17.405603810365573
2018-04-11,13.539689293832097
2018-04-12,11.791798061283181
2018-04-13,13.786590960120762
2018-04-16,10.40695247613878
2018-04-17,7.780239053185328
2018-04-18,7.72831485387218
2018-04-19,11.121498240346744
2018-04-20,10.936919498053266
2018-04-23,9.881009654442346
2018-04-24,16.957754220286795
2018-04-25,15.607589223439897
2018-04-26,9.920402056145427
2018-04-27,10.40793055988976
2018-04-30,10.410165505844052
2018-05-01,10.861328980559744
2018-05-02,10.67753012967549
2018-05-03,17.07772723187547
2018-05-04,9.945059197032233
2018-05-07,8.952137566118685
2018-05-08,12.686798057022086
2018-05-09,8.672586979998979
2018-05-10,7.730034377968418
2018-05-11,7.738618473277597
2018-05-14,6.9339350355319365
2018-05-15,11.437310255850146
2018-05-16,7.696686556784045
2018-05-17,7.816456865137825
2018-05-18,7.767667231076331
2018-05-21,6.838190921332803
2018-05-22,6.96359488210814
2018-05-23,8.388988655436822
2018-05-24,10.073606177520066
2018-05-25,6.559580742709269
2018-05-29,12.5350475928868
2018-05-30,7.357828070559639
2018-05-31,10.04439579061833
2018-06-01,7.113900203970839
2018-06-04,5.0575717790437835
2018-06-05,6.0579796357789935
2018-06-06,5.984456825517911
2018-06-07,8.589404950273305
2018-06-08,6.724896044994779
2018-06-11,4.980756561874765
2018-06-12,4.820880738682709
2018-06-13,6.4979705252752264
2018-06-14,5.683974983784468
2018-06-15,7.0794875226595915
2018-06-18,6.30795268528004
2018-06-19,8.938747589825006
2018-06-20,5.892966562699167
2018-06-21,9.510262955162595
2018-06-22,6.970045272490348
2018-06-25,13.501368555340381
2018-06-26,9.498576584063652
2018-06-27,12.268198037478582
2018-06-28,13.477450527555291
2018-06-29,7.6460011771910725
2018-07-02,9.334661098956975
2018-07-03,8.692006366318411
2018-07-05,9.101563174886566
2018-07-06,7.207218672643738
2018-07-09,5.306890174819938
2018-07-10,6.191428362419693
2018-07-11,8.23073810648221
2018-07-12,6.637496167636842
2018-07-13,5.2759327391433155
2018-07-16,5.338154700807373
2018-07-17,5.568521974760706
2018-07-18,4.933995679337924
2018-07-19,7.683562561769065
2018-07-20,4.9060692844426255
2018-07-23,4.894153797745664
2018-07-24,7.2930057704732665
2018-07-25,6.681462004267548
2018-07-26,6.221734145138502
2018-07-27,8.94485979133288
2018-07-30,8.33953746821005
2018-07-31,6.476612303919868
2018-08-01,7.0405261695647665
2018-08-02,7.158493488526071
2018-08-03,5.155062381703206
2018-08-06,4.1859609468852605
2018-08-07,4.5171303586562725
2018-08-08,4.109259574767367
2018-08-09,4.125010862533867
2018-08-10,7.980763705142172
2018-08-13,7.6898378771673475
2018-08-14,6.550089171123765
2018-08-15,10.566163120317631
2018-08-16,5.911837664059953
2018-08-17,6.482926316255609
2018-08-20,4.422250145268306
2018-08-21,4.888278687209054
2018-08-22,5.141060675667408
2018-08-23,5.769203460583601
2018-08-24,4.738716003679416
2018-08-27,4.619941272621628
2018-08-28,4.104764671900895
2018-08-29,4.264945385356671
2018-08-30,7.390074448849865
2018-08-31,6.755736244170992
2018-09-04,7.455026116486797
2018-09-05,7.9945936778148985
2018-09-06,9.276789062651355
2018-09-07,9.285971448401494
2018-09-10,6.209985213921043
2018-09-11,5.823773575658188
2018-09-12,8.181375506034977
2018-09-13,6.083054217846911
2018-09-14,6.416758824610426
2018-09-17,5.5865698130265935
2018-09-18,5.604674472851347
2018-09-19,5.314952657353364
2018-09-20,4.669008502914208
2018-09-21,4.720275249249375
2018-09-24,5.8694986144119365
2018-09-25,4.599017209720777
2018-09-26,6.129716468626363
2018-09-27,5.906261231788392
2018-09-28,5.742797880219575
2018-10-01,5.305973414297214
2018-10-02,5.823601978798801
2018-10-03,6.23456734236859
2018-10-04,10.305266490643598
2018-10-05,10.783118058060483
2018-10-08,11.338582683963812
2018-10-09,10.84428218734745
2018-10-10,18.007694388611757
2018-10-11,30.889645602293907
2018-10-12,22.659273316450477
2018-10-15,14.16527342430488
2018-10-16,10.113626377836319
2018-10-17,14.414141343150815
2018-10-18,19.00130400585741
2018-10-19,14.255461126691376
2018-10-22,15.01699164129616
2018-10-23,20.520072538612215
2018-10-24,22.92417032365553
2018-10-25,17.895243160226048
2018-10-26,29.411653470435844
2018-10-29,24.49854870851137
2018-10-30,24.09931386138111
2018-10-31,14.94574056686191
2018-11-01,14.477521133159385
2018-11-02,20.09055879101308
2018-11-05,9.260863444608074
2018-11-06,9.095714035083317
2018-11-07,9.120930404810743
2018-11-08,9.603094152695943
2018-11-09,11.616324168539432
2018-11-12,13.802857282923423
2018-11-13,17.819533947303587
2018-11-14,18.017840195965814
2018-11-15,20.931489410454283
2018-11-16,15.768683287436286
2018-11-19,16.512502223183333
2018-11-20,18.888796129062975
2018-11-21,11.346785593069482
2018-11-23,10.668077112404726
2018-11-26,9.573141014310268
2018-11-27,11.780277780310854
2018-11-28,12.972531619049207
2018-11-29,11.76070596036075
2018-11-30,8.631963920625697
2018-12-03,11.16712820122205
2018-12-04,17.309802006161405
2018-12-06,22.398573501607927
2018-12-07,24.71683255654785
2018-12-10,25.314591354627986
2018-12-11,19.145019028163336
2018-12-12,14.31521710558632
2018-12-13,17.960210149570624
2018-12-14,15.250878393648263
2018-12-17,18.00943355942484
2018-12-18,15.280216394702824
2018-12-19,29.8013389868923
2018-12-20,31.181092874425374
2018-12-21,28.060888912960667
2018-12-24,28.92417680709126
2018-12-26,27.384167333384724
2018-12-27,27.83950148465706
2018-12-28,22.45439214083691
2018-12-31,15.717288346790143
2019-01-02,19.65059359432127
2019-01-03,22.923586158999253
2019-01-04,19.239653501059927
2019-01-07,15.17781762605884
2019-01-08,13.928954342459685
2019-01-09,13.884970157536047
2019-01-10,11.981774217664292
2019-01-11,9.703663476233523
2019-01-14,9.160837163834168
2019-01-15,10.870436320646697
2019-01-16,7.760682000656017
2019-01-17,10.035284591566187
2019-01-18,10.122680711920736
2019-01-22,17.31698580591191
2019-01-23,12.514698020879036
2019-01-24,12.762893633559557
2019-01-25,9.019886278074365
2019-01-28,11.201470081277145
2019-01-29,8.615687710193734
2019-01-30,11.150284901348442
2019-01-31,9.023581950477887
2019-02-01,9.933589307518622
2019-02-04,6.709851612269952
2019-02-05,6.608162189854144
2019-02-06,7.080225495256573
2019-02-07,11.314128783630036
2019-02-08,9.195501072466532
2019-02-11,8.227533735690525
2019-02-12,5.648334124295578
2019-02-13,6.139537163338732
2019-02-14,11.652289672651202
2019-02-15,8.501335291925855
2019-02-19,5.121498765647679
2019-02-20,7.9483063987458715
2019-02-21,7.879521496922301
2019-02-22,6.31739581833565
2019-02-25,5.1793153887059695
2019-02-26,6.943696882978203
2019-02-27,7.444534914505152
2019-02-28,6.595830077439607
2019-03-01,6.298166373456564
2019-03-04,10.668911654647859
2019-03-05,7.5684432593028
2019-03-06,8.233687433293031
2019-03-07,11.472185392488003
2019-03-08,11.152842505134764
2019-03-11,6.250269422790276
2019-03-12,7.509803950553037
2019-03-13,6.866630043487472
2019-03-14,6.434647834226421
2019-03-15,6.083676196150434
2019-03-18,5.501124003538012
2019-03-19,9.106105146955597
2019-03-20,11.558107869025427
2019-03-21,8.46114410071771
2019-03-22,14.450368693624437
2019-03-25,12.84036845009834
2019-03-26,10.042245750848409
2019-03-27,12.45193537669287
2019-03-28,9.625863333048976
2019-03-29,8.609538232820386
2019-04-01,6.606165889203614
2019-04-02,5.539719529122843
2019-04-03,6.921909285330241
2019-04-04,6.776342145119625
2019-04-05,5.252740211876943
2019-04-08,4.986270079989656
2019-04-09,6.930848155173132
2019-04-10,5.688852378579504
2019-04-11,6.551325670521389
2019-04-12,4.772801768416698
2019-04-15,4.158855252484131
2019-04-16,4.840284727802277
2019-04-17,6.632184110304454
2019-04-18,5.144366070725902
2019-04-22,4.240656837602011
2019-04-23,4.507913281118473
2019-04-24,5.032121714152977
2019-04-25,6.598248239725524
2019-04-26,6.375749123678642
2019-04-29,4.433571068136759
2019-04-30,6.441213474977806
2019-05-01,9.3315634953911
2019-05-02,11.009346310890376
2019-05-03,5.866299935989136
2019-05-06,9.146144170050254
2019-05-07,15.960569424072835
2019-05-08,14.819710673063605
2019-05-09,16.104133878277434
2019-05-10,17.42784807547457
2019-05-13,17.07901158357647
2019-05-14,10.9045448196391
2019-05-15,12.080157067429605
2019-05-16,8.872013433495072
2019-05-17,13.526799502989578
2019-05-20,11.385854230530965
2019-05-21,6.929651065766714
2019-05-22,8.23527271275343
2019-05-23,11.973763176724894
2019-05-24,7.497116372190292
2019-05-28,9.141238651183816
2019-05-29,12.428882872418386
2019-05-30,9.4023926548049
2019-05-31,9.847723971436164
2019-06-03,17.6402710552516
2019-06-04,9.527271226914795
2019-06-05,9.98942542245874
2019-06-06,9.868750071114249
2019-06-07,8.419102495390188
2019-06-10,7.721245607848666
2019-06-11,8.78904935673797
2019-06-12,6.853787852065858
2019-06-13,7.551804590251049
2019-06-14,6.446643961877417
2019-06-17,5.322529723660048
2019-06-18,9.090007156060292
2019-06-19,9.814273905154854
2019-06-20,7.436607174092657
2019-06-21,6.88090313680895
2019-06-24,5.17647434621325
2019-06-25,8.275572276139401
2019-06-26,6.7217265816348615
2019-06-27,6.548347511670266
2019-06-28,5.625782511300055
2019-07-01,7.105496429051228
2019-07-02,6.278293171140116
2019-07-03,4.921557959558757
2019-07-05,7.038911553235362
2019-07-08,5.004417050624226
2019-07-09,4.86567841349892
2019-07-10,7.154765766296399
2019-07-11,5.665660959927303
2019-07-12,3.7117388295737777
2019-07-15,3.934165211798589
2019-07-16,5.320441849210791
2019-07-17,5.155490765220101
2019-07-18,6.647905755124764
2019-07-19,8.200166689084654
2019-07-22,5.959170704725507
2019-07-23,5.678327793323118
2019-07-24,5.019620844655395
2019-07-25,8.643776932682751
2019-07-26,4.389364785995617
2019-07-29,4.538313557772057
2019-07-30,6.232246061193429
2019-07-31,17.297284245907534
2019-08-01,18.403721814352018
2019-08-02,14.834815445830642
2019-08-05,17.35104570678087
2019-08-06,14.894805503386987
2019-08-07,20.247450981198465
2019-08-08,10.03407824757765
2019-08-09,14.48019830563568
2019-08-12,11.488658348656722
2019-08-13,20.566380290798172
2019-08-14,18.43514221179493
2019-08-15,16.617847000900106
2019-08-16,9.45550247145777
2019-08-19,6.473854300161898
2019-08-20,10.085048528248247
2019-08-21,7.443301903709145
2019-08-22,10.038398959120473
2019-08-23,19.72959176260837
2019-08-26,12.101147701465617
2019-08-27,12.079871109367947
2019-08-28,10.123072820704728
2019-08-29,9.480612676836238
2019-08-30,9.401063961656353
2019-09-03,13.026116975446891
2019-09-04,5.57445060461438
2019-09-05,7.0816804981232755
2019-09-06,5.979219828296622
2019-09-09,5.76002392822421
2019-09-10,8.239579156028425
2019-09-11,5.450391990638479
2019-09-12,10.876500374192956
2019-09-13,5.642458366779169
2019-09-16,6.606878556002018
2019-09-17,5.397640408681223
2019-09-18,10.947866433462226
2019-09-19,6.608637773285681
2019-09-20,11.404034296285566
2019-09-23,5.629700114352831
2019-09-24,14.85500742153521
2019-09-25,9.162562496014438
2019-09-26,9.865102323233858
2019-09-27,12.18197872832514
2019-09-30,7.00841431443358
2019-10-01,11.236472840218637
2019-10-02,12.06230668560568
2019-10-03,17.305852176965775
2019-10-04,9.130871477752985
2019-10-07,9.900859889944021
2019-10-08,15.763339006556937
2019-10-09,9.354149223889696
2019-10-10,10.336644626988514
2019-10-11,12.592962886522022
2019-10-14,6.261161375514934
2019-10-15,6.431667706084109
2019-10-16,5.54503895232873
2019-10-17,6.569550650716299
2019-10-18,7.208642308837337
2019-10-21,4.933251155630819
2019-10-22,6.485109188356446
2019-10-23,5.563044219743694
2019-10-24,5.8447080637615825
2019-10-25,5.105644511233529
2019-10-28,4.442261362880429
2019-10-29,5.862662013724405
2019-10-30,8.20008290532585
2019-10-31,8.215618303518236
2019-11-01,4.883452524746462
2019-11-04,4.259788447731819
2019-11-05,5.450537954444693
2019-11-06,5.78639087564466
2019-11-07,6.676630194324526
2019-11-08,5.402421427568939
2019-11-11,3.4205178796703226
2019-11-12,4.830805380599824
2019-11-13,6.570550246380684
2019-11-14,5.69746114528883
2019-11-15,3.740872554818363
2019-11-18,4.80250854925585
2019-11-19,5.1871493711717545
2019-11-20,8.60662638205903
2019-11-21,6.670100102334339
2019-11-22,5.1338662038331355
2019-11-25,3.2225840658551412
2019-11-26,4.331119925267073
2019-11-27,3.3052012632491876
2019-11-29,4.699050681339631
2019-12-02,8.894750977592805
2019-12-03,9.659351995080936
2019-12-04,5.5034948831760735
2019-12-05,6.312389501874136
2019-12-06,4.583223321040523
2019-12-09,3.567808943242828
2019-12-10,8.14941003067423
2019-12-11,4.564856101143311
2019-12-12,11.259634306417762
2019-12-13,10.830206302029065
2019-12-16,3.966755318491023
2019-12-17,4.890413301287311
2019-12-18,3.3742381154513232
2019-12-19,3.3460817990476164
2019-12-20,3.5214759968760063
2019-12-23,2.657743959168231
2019-12-24,2.81915967520104
2019-12-26,2.2665567637929134
2019-12-27,7.677404337244987
2019-12-30,6.125982453957915
2019-12-31,6.001759575063629
2020-01-02,5.5795017067313175
2020-01-03,8.753417904590325
2020-01-06,5.4202785129079025
2020-01-07,5.739607040076202
2020-01-08,6.851409737977591
2020-01-09,5.320557167693096
2020-01-10,5.592238188205219
2020-01-13,4.3804164496819675
2020-01-14,8.226517251713675
2020-01-15,6.371499024017675
2020-01-16,4.2154723762968995
2020-01-17,4.524828102397733
2020-01-21,5.477846077274003
2020-01-22,4.479423134830598
2020-01-23,6.912016290477864
2020-01-24,9.77856192703958
2020-01-27,10.27071523240371
2020-01-28,6.68389192953743
2020-01-29,6.465729629998707
2020-01-30,12.194269652289206
2020-01-31,13.414596430916708
2020-02-03,9.180772610265002
2020-02-04,6.394587889023811
2020-02-05,7.912105842906758
2020-02-06,6.838971981509114
2020-02-07,9.12380335749595
2020-02-10,5.72030348867005
2020-02-11,6.299971976689808
2020-02-12,5.534775541877259
2020-02-13,7.100473119907619
2020-02-14,5.952465638407061
2020-02-18,6.819808796495081
2020-02-19,4.486255739679929
2020-02-20,12.171907907754406
2020-02-21,10.926494868438667
2020-02-24,15.937107668273848
2020-02-25,22.994457544099287
2020-02-26,27.48553138547503
2020-02-27,32.895797555993525
2020-02-28,52.967025634459965
2020-03-02,35.072861354755126
2020-03-03,59.672703782974835
2020-03-04,27.041579893262945
2020-03-05,27.081926352235865
2020-03-06,33.91637922790037
2020-03-09,51.16339991755946
2020-03-10,50.1763614339893
2020-03-11,44.23122813180646
2020-03-12,83.25169496482091
2020-03-13,73.75803382566394
2020-03-16,80.23602259381019
2020-03-17,86.09540292155648
2020-03-18,84.24886445875808
2020-03-19,72.74137633949633
2020-03-20,64.81863600580404
2020-03-23,79.0024135042647
2020-03-24,47.252446380494334
2020-03-25,57.44675321206948
2020-03-26,51.99694208275486
2020-03-27,44.07679448212232
2020-03-30,31.46204264598848
2020-03-31,31.876636194301895
2020-04-01,32.25600502698242
2020-04-02,43.73620262129114
2020-04-03,32.03989753110372
2020-04-06,25.092081632677377
2020-04-07,39.828653121497524
2020-04-08,27.724108518850187
2020-04-09,30.350188955623548
2020-04-13,25.566583686895562
2020-04-14,18.932856444370653
2020-04-15,21.82947692247615
2020-04-16,22.821569719810775
2020-04-17,18.48315862518384
2020-04-20,19.351003552436108
2020-04-21,27.26567552430554
2020-04-22,15.798866208182352
2020-04-23,26.83068265456917
2020-04-24,16.05918887730955
2020-04-27,11.608281474153435
2020-04-28,19.222752577921916
2020-04-29,14.840470141907582
2020-04-30,19.154687913593598
2020-05-01,17.414669955301456
2020-05-04,14.085814589774278
2020-05-05,13.792975428803336
2020-05-06,16.091870205079147
2020-05-07,14.203547237328939
2020-05-08,10.299948399929324
2020-05-11,11.485988899902413
2020-05-12,15.16295396885334
2020-05-13,25.101250009537484
2020-05-14,24.763149105847347
2020-05-15,18.803699410927823
2020-05-18,11.860331214526191
2020-05-19,15.83576006995564
2020-05-20,12.450834670693887
2020-05-21,15.649797157887937
2020-05-22,10.545078269332754
2020-05-26,10.924511732632936
2020-05-27,16.161127526992196
2020-05-28,15.564475747854441
2020-05-29,22.185612315035655
2020-06-01,10.287065194794549
2020-06-02,10.660493263547044
2020-06-03,8.81452583543249
2020-06-04,12.44523457355819
2020-06-05,13.547518690799182
2020-06-08,9.61093081391203
2020-06-09,11.551816574830426
2020-06-10,20.052417544875315
2020-06-11,25.969654719348554
2020-06-12,34.6975516234914
2020-06-15,24.942278095497635
2020-06-16,29.250450572387532
2020-06-17,17.294781905493924
2020-06-18,13.507581867179372
2020-06-19,19.03044421917935
2020-06-22,11.833062719612188
2020-06-23,12.349840890038342
2020-06-24,21.08912338125912
2020-06-25,19.4809398825412
2020-06-26,21.003856929565202
2020-06-29,14.544315618162898
2020-06-30,13.92612289006941
2020-07-01,13.638616480472423
2020-07-02,12.000548101723792
2020-07-06,9.720806513379914
2020-07-07,10.863340995947784
2020-07-08,12.676107779730316
2020-07-09,17.099055607504553
2020-07-10,12.693130050712458
2020-07-13,15.367504719573619
2020-07-14,22.350549398413918
2020-07-15,15.872961361989734
2020-07-16,11.780790782286278
2020-07-17,8.83797323723812
2020-07-20,8.824830337487523
2020-07-21,11.49227230668181
2020-07-22,8.22983694563018
2020-07-23,14.628275488295003
2020-07-24,13.341978308728272
2020-07-27,7.919624890590344
2020-07-28,9.508327166094427
2020-07-29,9.051373344627772
2020-07-30,13.186864937442037
2020-07-31,14.495471594459067
2020-08-03,8.553433563048792
2020-08-04,7.476910819515103
2020-08-05,6.517427307588126
2020-08-06,8.058058595577409
2020-08-07,10.828368402608543
2020-08-10,8.641127192517024
2020-08-11,12.941094122485955
2020-08-12,8.649520250832605
2020-08-13,9.699789411462326
2020-08-14,8.352952362481323
2020-08-17,3.798642877078813
2020-08-18,7.556574863105824
2020-08-19,8.176386272715797
2020-08-20,7.10454701576216
2020-08-21,7.210913565941976
2020-08-24,7.6652862056465265
2020-08-25,7.353662636320665
2020-08-26,7.041956051599612
2020-08-27,13.364026059112803
2020-08-28,8.081156658737795
2020-08-31,10.587098445829863
2020-09-01,8.041166322493892
2020-09-02,10.456551059871416
2020-09-03,28.66873173209544
2020-09-04,33.12962672541475
2020-09-08,25.66120954776275
2020-09-09,14.120110821921065
2020-09-10,24.937812993632484
2020-09-11,21.354462692119473
2020-09-14,12.800932940249139
2020-09-15,9.325480208257474
2020-09-16,14.369438690784001
2020-09-17,18.479445217010976
2020-09-18,17.564255625098646
2020-09-21,20.857033673672447
2020-09-22,14.246854771332323
2020-09-23,18.252314946536956
2020-09-24,22.81566378371006
2020-09-25,16.227220098314234
2020-09-28,11.813879835751539
2020-09-29,11.765401268259476
2020-09-30,17.47535665994895
2020-10-01,15.744925587117498
2020-10-02,19.310227533838216
2020-10-05,7.7135460661707524
2020-10-06,19.454403217750134
2020-10-07,9.881320509661958
2020-10-08,8.626360409358357
2020-10-09,7.860515420641698
2020-10-12,8.063870275048677
2020-10-13,12.544138749110331
2020-10-14,13.375853094646775
2020-10-15,11.461168635543725
2020-10-16,9.501728845002253
2020-10-19,14.069994856113333
2020-10-20,15.819040147810956
2020-10-21,14.210945261873878
2020-10-22,12.869655708440153
2020-10-23,9.305391837771886
2020-10-26,15.54595456068952
2020-10-27,12.071637356540045
2020-10-28,19.48677134005721
2020-10-29,19.266145776097876
2020-10-30,24.534764230988248
2020-11-02,15.718533709420065
2020-11-03,12.139548174217204
2020-11-04,20.20663466526766
2020-11-05,12.830669576358812
2020-11-06,16.019070115329495
2020-11-09,21.715889609565995
2020-11-10,18.98307930143876
2020-11-11,9.328280604508983
2020-11-12,12.694181910845732
2020-11-13,9.023638742391514
2020-11-16,9.180236452119809
2020-11-17,8.830818122059208
2020-11-18,7.768402911813818
2020-11-19,10.257042246963334
2020-11-20,8.094606021427925
2020-11-23,10.908859242899787
2020-11-24,8.373269859968255
2020-11-25,7.216582023367954
2020-11-27,5.588003053972514
2020-11-30,9.233393314396997
2020-12-01,8.518140359445239
2020-12-02,7.302831400192071
2020-12-03,6.1921849247361935
2020-12-04,6.017087315851669
2020-12-07,5.616464859127766
2020-12-08,5.764265475518906
2020-12-09,10.664014068947992
2020-12-10,11.03105590885499
2020-12-11,9.032644812336892
2020-12-14,9.099870836799706
2020-12-15,7.159069407175274
2020-12-16,6.398945086571466
2020-12-17,5.5680886386986295
2020-12-18,8.72196657012866
2020-12-21,13.939355905286504
2020-12-22,8.91163237828156
2020-12-23,5.76787367441113
2020-12-24,5.0473652829997535
2020-12-28,4.251090711366885
2020-12-29,7.741816045216463
2020-12-30,5.062966295101411
2020-12-31,4.851516271281116
2021-01-04,15.797063831021577
2021-01-05,11.272786363834168
2021-01-06,14.539036383403992
2021-01-07,8.041043883336332
2021-01-08,12.427179414254526
2021-01-11,10.252766401354249
2021-01-12,10.373828564302068
2021-01-13,7.035008218213368
2021-01-14,5.7769800838811936
2021-01-15,11.244076359366915
2021-01-19,7.527754053502004
2021-01-20,6.636921724004291
2021-01-21,6.698383429029857
2021-01-22,6.585002443542988
2021-01-25,15.370793138058236
2021-01-26,8.507429435016158
2021-01-27,18.528167081289027
2021-01-28,15.14473467775281
2021-01-29,21.58425686426225
2021-02-01,12.346584768013214
2021-02-02,7.992437464903622
2021-02-03,10.804523293207943
2021-02-04,6.314289281902391
2021-02-05,6.074578805718574
2021-02-08,5.068306795403784
2021-02-09,4.93722045696906
2021-02-10,11.43711534886809
2021-02-11,9.192626218616825
2021-02-12,5.699031374673559
2021-02-16,8.921601080451648
2021-02-17,11.842712147996643
2021-02-18,10.591098905963843
2021-02-19,8.365539350649803
2021-02-22,9.422855266369396
2021-02-23,17.407512401313173
2021-02-24,13.336264101692969
2021-02-25,19.822222199581283
2021-02-26,22.53230118484376
2021-03-01,10.089836784517466
2021-03-02,12.769138423932699
2021-03-03,16.770963268266463
2021-03-04,27.787707810185054
2021-03-05,27.98503870863901
2021-03-08,18.17157712118703
2021-03-09,10.035685068508391
2021-03-10,14.658459896445278
2021-03-11,8.434041948577484
2021-03-12,9.360027017558794
2021-03-15,7.060458854847516
2021-03-16,8.234484905924159
2021-03-17,13.312443223512929
2021-03-18,11.486036582378864
2021-03-19,12.852451434766202
2021-03-22,7.054671791521493
2021-03-23,10.820051831212222
2021-03-24,11.37508456997399
2021-03-25,15.808026191626054
2021-03-26,10.468132335033019
2021-03-29,12.847930408350638
2021-03-30,10.739838922608048
2021-03-31,6.902658468335857
2021-04-01,5.117144157073487
2021-04-05,5.923864856739555
2021-04-06,5.521563213690058
2021-04-07,6.161973613098809
2021-04-08,4.80405309522149
2021-04-09,4.652354508479389
2021-04-12,5.316636043530966
2021-04-13,4.5823408346511325
2021-04-14,7.9263362137001305
2021-04-15,5.524213044957961
2021-04-16,5.462375434389952
2021-04-19,8.829126530119394
2021-04-20,8.741609986541707
2021-04-21,6.2396038696981115
2021-04-22,13.331344441530604
2021-04-23,5.722204210758416
2021-04-26,6.051552234525444
2021-04-27,5.783702597732564
2021-04-28,6.996573854611269
2021-04-29,8.520209754238927
2021-04-30,8.591698010070226
2021-05-03,7.194916636345239
2021-05-04,12.575213267039032
2021-05-05,8.139356593185164
2021-05-06,10.702220022088635
2021-05-07,7.477806236249412
2021-05-10,8.827649594300164
2021-05-11,17.05044050327107
2021-05-12,14.721949486259389
2021-05-13,14.776146390725204
2021-05-14,7.7331860775050805
2021-05-17,11.404241550687304
2021-05-18,8.154965401782029
2021-05-19,17.054299198026644
2021-05-20,8.44192737378466
2021-05-21,8.945712062726201
2021-05-24,4.92489379206804
2021-05-25,7.5725733959028245
2021-05-26,5.3899018077490775
2021-05-27,6.597462263680855
2021-05-28,4.8214556811758476
2021-06-01,6.290953038403485
2021-06-02,5.177851593109222
2021-06-03,7.4795156890003405
2021-06-04,4.430051121649177
2021-06-07,4.133382534555749
2021-06-08,6.223058026645941
2021-06-09,4.644657762026497
2021-06-10,6.6789308124921565
2021-06-11,4.368679235180721
2021-06-14,4.574487889532304
2021-06-15,5.421203846562708
2021-06-16,14.369288251178073
2021-06-17,9.201010598381501
2021-06-18,11.884798690534556
2021-06-21,7.693519890231139
2021-06-22,5.398709853234863
2021-06-23,5.094397405940781
2021-06-24,4.884647522291826
2021-06-25,4.410832052007992
2021-06-28,4.724319261461973
2021-06-29,3.883769104479087
2021-06-30,4.16046170606335
2021-07-01,4.063676883808643
2021-07-02,3.5332224544785946
2021-07-06,6.957204335447144
2021-07-07,7.640173200132039
2021-07-08,11.523510021931797
2021-07-09,4.5866768236371005
2021-07-12,4.565619337882065
2021-07-13,7.5171948802789155
2021-07-14,7.253013108460259
2021-07-15,8.429091176619952
2021-07-16,8.393328904966765
2021-07-19,15.668630544711466
2021-07-20,9.043492153507279
2021-07-21,5.966355856477478
2021-07-22,6.2282440884294985
2021-07-23,5.199979169662749
2021-07-26,5.204752208766998
2021-07-27,10.352990316908008
2021-07-28,8.518736710355247
2021-07-29,5.092166451578663
2021-07-30,6.917393835907369
2021-08-02,6.8446155735682215
2021-08-03,7.887988367140205
2021-08-04,6.099990698620428
2021-08-05,4.098166518652347
2021-08-06,4.55232492961183
2021-08-09,4.319831854727237
2021-08-10,4.952016480526786
2021-08-11,4.047828280053782
2021-08-12,3.6703919343265814
2021-08-13,3.6523511495822394
2021-08-16,6.112831347793113
2021-08-17,10.140136895288068
2021-08-18,8.778557015813087
2021-08-19,13.539107801793387
2021-08-20,7.0937040464291075
2021-08-23,4.4712489177676344
2021-08-24,3.9140180648812133
2021-08-25,3.7556979191623014
2021-08-26,8.118363259258487
2021-08-27,6.2817457381782145
2021-08-30,3.9378532990947464
2021-08-31,5.525239769654755
2021-09-01,4.742129454297805
2021-09-02,4.980563233822
2021-09-03,5.079185402795079
2021-09-07,5.560930593732813
2021-09-08,7.834990377131092
2021-09-09,7.847957594948321
2021-09-10,8.473671547244534
2021-09-13,10.975918035951903
2021-09-14,8.834456139478602
2021-09-15,8.081514106708322
2021-09-16,9.288386134373601
2021-09-17,10.675471378119674
2021-09-20,16.48994048861895
2021-09-21,15.308424580180887
2021-09-22,12.4216361880167
2021-09-23,7.740631628524797
2021-09-24,8.136195582147248
2021-09-27,7.7577303693542525
2021-09-28,16.717077235801835
2021-09-29,12.624435399282023
2021-09-30,16.431715288036287
2021-10-01,15.6422215238419
2021-10-04,17.09305981311594
2021-10-05,10.954706211771914
2021-10-06,17.19398535381331
2021-10-07,8.833697907352242
2021-10-08,11.512233140711391
2021-10-11,9.243614606813281
2021-10-12,14.122882587346242
2021-10-13,11.981366572105776
2021-10-14,6.447278321015175
2021-10-15,6.141083900168591
2021-10-18,6.69470517640233
2021-10-19,6.220052711111369
2021-10-20,5.762005742566059
2021-10-21,5.346810103277441
2021-10-22,8.820071252245606
2021-10-25,5.771248929472829
2021-10-26,7.424260285737258
2021-10-27,7.588582454293015
2021-10-28,6.884263273637858
2021-10-29,6.320816604321579
2021-11-01,6.84481184866534
2021-11-02,5.362524428663351
2021-11-03,7.640628609643526
2021-11-04,6.432230091142878
2021-11-05,7.585807623680774
2021-11-08,6.602830011458857
2021-11-09,9.40843744369447
2021-11-10,9.074739417249607
2021-11-11,5.325742049046412
2021-11-12,6.251162417380024
2021-11-15,6.549989636057339
2021-11-16,5.789652956654201
2021-11-17,6.264611859943825
2021-11-18,7.254645156302265
2021-11-19,8.635741062179145
2021-11-22,8.671407118771658
2021-11-23,12.590803093001067
2021-11-24,10.071311601737008
2021-11-26,16.728633577972456
2021-11-29,9.869699023922891
2021-11-30,15.828237585254886
2021-12-01,14.766136870020821
2021-12-02,20.50425568920409
2021-12-03,21.280713480793164
2021-12-06,13.922713616119697
2021-12-07,7.062969645728452
2021-12-08,8.524128119190124
2021-12-09,7.882525597250045
2021-12-10,8.988124518039323
2021-12-13,8.978448510576735
2021-12-14,10.69786957880569
2021-12-15,13.661307493985381
2021-12-16,12.461182180221433
2021-12-17,17.391765330162592
2021-12-20,14.847993144180737
2021-12-21,9.77829256392261
2021-12-22,7.695935492076014
2021-12-23,5.514544767419027
2021-12-27,5.3933933100511835
2021-12-28,7.923840524422743
2021-12-29,6.060857633834083
2021-12-30,4.763179135084434
2021-12-31,6.995854010951808
2022-01-03,9.750168393812258
2022-01-04,8.314053975644267
2022-01-05,9.899927164307265
2022-01-06,15.046157093282142
2022-01-07,11.671453848973016
2022-01-10,14.875502185737682
2022-01-11,14.414638944892388
2022-01-12,12.38989911075486
2022-01-13,12.036044359407661
2022-01-14,16.22047312252969
2022-01-18,14.303834746541689
2022-01-19,13.321096138637856
2022-01-20,13.04095660678653
2022-01-21,23.860283419235735
2022-01-24,34.05836340859666
2022-01-25,27.387683842888727
2022-01-26,27.15503850187982
2022-01-27,26.57574403576181
2022-01-28,24.09246188622946
2022-01-31,13.909866803112905
2022-02-01,15.847996029260008
2022-02-02,14.066395967214596
2022-02-03,14.519246689166195
2022-02-04,18.2868118103309
2022-02-07,12.5765391185401
2022-02-08,11.484061298923118
2022-02-09,8.390217918611514
2022-02-10,18.70700015887007
2022-02-11,21.41617008543452
2022-02-14,21.46188305976066
2022-02-15,11.002874102626842
2022-02-16,14.278776786751585
2022-02-17,11.476029905550496
2022-02-18,16.62337307484209
2022-02-22,20.83725446878916
2022-02-23,16.935940593765896
2022-02-24,61.14496526932995
2022-02-25,19.41064165731298
2022-02-28,20.177586200874824
2022-03-01,19.711064572733683
2022-03-02,18.370960724421494
2022-03-03,17.230782750700676
2022-03-04,18.056598954361196
2022-03-07,18.674337076880207
2022-03-08,30.84293622858587
2022-03-09,18.82739882978366
2022-03-10,16.627003368009714
2022-03-11,15.695582433760693
2022-03-14,17.546921430483124
2022-03-15,16.707960299651432
2022-03-16,21.76873785175209
2022-03-17,13.807725733982961
2022-03-18,12.234696270628486
2022-03-21,16.253535925604332
2022-03-22,10.18420158768463
2022-03-23,11.470848727135687
2022-03-24,10.3648441126849
2022-03-25,11.726533274167382
2022-03-28,10.210374951118958
2022-03-29,10.662997471687193
2022-03-30,9.522740092376095
2022-03-31,11.018741919892696
2022-04-01,12.270190883717245
2022-04-04,8.63929563678149
2022-04-05,11.22503291567593
2022-04-06,16.146201239483766
2022-04-07,14.213227397993741
2022-04-08,12.030959641001635
2022-04-11,11.335732956636862
2022-04-12,13.263005519674016
2022-04-13,10.26375354246517
2022-04-14,12.290266337558647
2022-04-18,12.495203553103304
2022-04-19,11.270286849369606
2022-04-20,12.146624990925332
2022-04-21,15.579412539213372
2022-04-22,17.770663007298197
2022-04-25,24.98744693102569
2022-04-26,20.305286014156287
2022-04-27,25.59235993208261
2022-04-28,18.76573686312418
2022-04-29,19.152264214805076
2022-05-02,30.165300359034664
2022-05-03,21.642576399885325
2022-05-04,26.61440907863271
2022-05-05,31.619725396189256
2022-05-06,33.50233999484682
2022-05-09,27.724223844439837
2022-05-10,30.811467883436826
2022-05-11,33.007257342830286
2022-05-12,35.999855152938075
2022-05-13,20.646949533897548
2022-05-16,21.02342872139434
2022-05-17,18.14344963835443
2022-05-18,19.729881659344667
2022-05-19,28.89073924756005
2022-05-20,25.652592669101292
2022-05-23,22.796383089419656
2022-05-24,23.042490048812436
2022-05-25,21.688989105738205
2022-05-26,12.949899113901065
2022-05-27,10.570854116988478
2022-05-31,20.026285890519596
2022-06-01,19.01054804214222
2022-06-02,17.65017655469288
2022-06-03,18.231588392714933
2022-06-06,16.080098761772184
2022-06-07,13.520485650398825
2022-06-08,14.046759442640477
2022-06-09,17.733080301549915
2022-06-10,21.38900694484382
2022-06-13,25.981123520135828
2022-06-14,24.06803806941536
2022-06-15,33.83647794198079
2022-06-16,24.82122295939541
2022-06-17,26.30458760779588
2022-06-21,13.032260683051575
2022-06-22,19.775703155940413
2022-06-23,19.663794617932066
2022-06-24,14.161155831509642
2022-06-27,16.618900513223863
2022-06-28,17.602675412693525
2022-06-29,20.740262497153758
2022-06-30,22.71319211024884
2022-07-01,21.136507671743896
2022-07-05,19.71119255652057
2022-07-06,20.91024142156774
2022-07-07,10.498316318863118
2022-07-08,14.349950904845453
2022-07-11,12.929132851832788
2022-07-12,14.63826316697865
2022-07-13,23.87084182872636
2022-07-14,18.563492761475402
2022-07-15,15.647232909499632
2022-07-18,12.640158255818656
2022-07-19,10.531955763488588
2022-07-20,14.170207362518777
2022-07-21,17.23727127576137
2022-07-22,15.953329686164155
2022-07-25,13.494550558542857
2022-07-26,12.358932949145911
2022-07-27,17.139859111676888
2022-07-28,13.782480288893337
2022-07-29,11.165747211113482
2022-08-01,15.156604780983804
2022-08-02,15.29668554812836
2022-08-03,12.358813504823232
2022-08-04,12.272523217220876
2022-08-05,12.867950245196019
2022-08-08,12.451018561277573
2022-08-09,10.70753606155859
2022-08-10,10.09960218075778
2022-08-11,11.472026106061909
2022-08-12,10.596086027489207
2022-08-15,8.398980516154914
2022-08-16,9.684072238744784
2022-08-17,13.9987200851417
2022-08-18,9.90299067890826
2022-08-19,10.078028440689778
2022-08-22,9.524897713327029
2022-08-23,12.519468808253992
2022-08-24,9.665240298956716
2022-08-25,10.23895804433671
2022-08-26,21.93646894765851
2022-08-29,17.16495844254625
2022-08-30,18.332785020140864
2022-08-31,17.91246364060874
2022-09-01,17.956616652203078
2022-09-02,20.471497940199818
2022-09-06,21.53434982408745
2022-09-07,13.620300198218985
2022-09-08,19.617365330492245
2022-09-09,11.017474384501028
2022-09-12,11.528569010423908
2022-09-13,16.703626988557744
2022-09-14,18.334520118719436
2022-09-15,17.75766012387922
2022-09-16,18.489428441415615
2022-09-19,15.465367410790948
2022-09-20,16.249790185894142
2022-09-21,33.68548083055546
2022-09-22,19.47759023352097
2022-09-23,18.5405543739932
2022-09-26,23.29446398413464
2022-09-27,22.511377963130226
2022-09-28,20.55029418523216
2022-09-29,20.252548014103024
2022-09-30,23.575498547002212
2022-10-03,16.482638568371456
2022-10-04,14.976574838605295
2022-10-05,17.293391366707407
2022-10-06,20.066979554210302
2022-10-07,16.76308054362409
2022-10-10,18.635925319972856
2022-10-11,21.559275138298833
2022-10-12,19.203233924753125
2022-10-13,36.02579619507259
2022-10-14,29.76707649527224
2022-10-17,16.196989718501012
2022-10-18,21.86425400118896
2022-10-19,18.396518755029927
2022-10-20,18.661556569602435
2022-10-21,23.434829691280644
2022-10-24,24.230556176367994
2022-10-25,12.875203350615983
2022-10-26,18.17928760200684
2022-10-27,18.168421210203288
2022-10-28,15.76427645264891
2022-10-31,15.067182901429907
2022-11-01,15.751326743293259
2022-11-02,34.094025305798766
2022-11-03,18.390945511073365
2022-11-04,24.253837766275993
2022-11-07,14.695141744393137
2022-11-08,14.884574615010326
2022-11-09,17.0961242373844
2022-11-10,20.40577790414479
2022-11-11,16.442441442694204
2022-11-14,12.855747800956232
2022-11-15,22.37933794711926
2022-11-16,13.404979674861828
2022-11-17,13.359657493967953
2022-11-18,13.119208957358985
2022-11-21,10.766450125522537
2022-11-22,8.579491956851507
2022-11-23,12.668433808935287
2022-11-25,6.024136475415869
2022-11-28,10.491944598464677
2022-11-29,11.146129820169437
2022-11-30,17.082540056663316
2022-12-01,15.087916870496313
2022-12-02,16.509530248483063
2022-12-05,11.591849591280038
2022-12-06,12.79430611322899
2022-12-07,16.740243787677276
2022-12-08,12.419684890876884
2022-12-09,15.237411829431352
2022-12-12,9.125407364634906
2022-12-13,26.049027682833636
2022-12-14,24.928938908593157
2022-12-15,15.685442181871363
2022-12-16,15.17896423278618
2022-12-19,11.275862578234005
2022-12-20,15.186898792987225
2022-12-21,11.244154537402018
2022-12-22,14.313555086082971
2022-12-23,20.732715400737973
2022-12-27,12.954734500816794
2022-12-28,13.5446046803215
2022-12-29,10.370660272072
2022-12-30,12.331188473526463
2023-01-03,18.95849833335122
2023-01-04,20.298279422161656
2023-01-05,14.84184652012826
2023-01-06,19.147282081219576
2023-01-09,11.638979843771805
2023-01-10,16.441059583963245
2023-01-11,9.172920416294717
2023-01-12,20.988165195805543
2023-01-13,11.312467387605142
2023-01-17,11.013791354597467
2023-01-18,14.06589537883765
2023-01-19,13.08260864893079
2023-01-20,10.523398774361006
2023-01-23,12.327960525338742
2023-01-24,12.565057282499511
2023-01-25,12.42574946121849
2023-01-26,14.535141500114612
2023-01-27,11.12408963876831
2023-01-30,12.13204961247322
2023-01-31,11.179239355189509
2023-02-01,17.779336703308182
2023-02-02,14.41117985888295
2023-02-03,17.93152019935211
2023-02-06,12.079097660487028
2023-02-07,19.65520069691045
2023-02-08,12.844499787492177
2023-02-09,11.75369921885771
2023-02-10,14.24007822931372
2023-02-13,8.463003003229455
2023-02-14,23.322894081116903
2023-02-15,12.489316704774195
2023-02-16,12.226000204142096
2023-02-17,11.521470513814501
2023-02-21,10.617876379224759
2023-02-22,13.683423034970115
2023-02-23,11.525602238829395
2023-02-24,13.014448162091034
2023-02-27,10.061338348204634
2023-02-28,9.451141358948462
2023-03-01,11.039386569420186
2023-03-02,11.097753609488446
2023-03-03,8.962546569001976
2023-03-06,8.373694536429884
2023-03-07,14.439238482909559
2023-03-08,12.742645810591679
2023-03-09,12.765626091091208
2023-03-10,24.15641601120174
2023-03-13,30.407131005188365
2023-03-14,16.14246337037658
2023-03-15,22.12546166007694
2023-03-16,15.726638707573807
2023-03-17,17.746675432863178
2023-03-20,14.930979098711687
2023-03-21,9.855524242371887
2023-03-22,21.989887329059638
2023-03-23,20.79458408556258
2023-03-24,16.212827366799942
2023-03-27,10.907015545862423
2023-03-28,9.009714655499366
2023-03-29,8.056158286933517
2023-03-30,7.74551832028523
2023-03-31,7.608048485842521
2023-04-03,8.224175041867344
2023-04-04,10.30687623637807
2023-04-05,8.643446955353928
2023-04-06,7.409115612083594
2023-04-10,7.779571955323177
2023-04-11,6.589789308174453
2023-04-12,12.536205338260286
2023-04-13,8.18974165597818
2023-04-14,11.369783479222628
2023-04-17,7.781313683367561
2023-04-18,9.160148708577404
2023-04-19,6.720586270276993
2023-04-20,8.463561905953867
2023-04-21,9.347425339273133
2023-04-24,6.664457850638206
2023-04-25,9.47326226269986
2023-04-26,9.072908069210705
2023-04-27,7.636588562241808
2023-04-28,10.446954973128395
2023-05-01,8.022228947713783
2023-05-02,11.448589074376592
2023-05-03,17.984941668584124
2023-05-04,14.450668808697447
2023-05-05,7.89263082799588
2023-05-08,7.277929559924646
2023-05-09,6.199757607040471
2023-05-10,12.038063555429376
2023-05-11,9.607186429215522
2023-05-12,9.092498147617333
2023-05-15,7.426911554309471
2023-05-16,9.334968392616517
2023-05-17,8.859382896555024
2023-05-18,10.472504845645206
2023-05-19,11.065849503881665
2023-05-22,9.343089348951041
2023-05-23,9.957111539604218
2023-05-24,11.044709040734201
2023-05-25,11.559423658094087
2023-05-26,9.701126323531655
2023-05-30,10.335470059834977
2023-05-31,8.992268108449993
2023-06-01,9.093543732685331
2023-06-02,9.07065150074892
2023-06-05,9.845899657097924
2023-06-06,7.840696812733297
2023-06-07,9.388162811351059
2023-06-08,6.985500874361031
2023-06-09,9.191769831424379
2023-06-12,6.458329483266439
2023-06-13,9.712295490964157
2023-06-14,13.766874617824639
2023-06-15,9.904291702749314
2023-06-16,9.680223202636283
2023-06-20,8.049515398973822
2023-06-21,9.096290057836127
2023-06-22,8.816775760119473
2023-06-23,8.732232400356644
2023-06-26,9.021420844184778
2023-06-27,7.540216551328537
2023-06-28,9.453713405902025
2023-06-29,8.898473744662647
2023-06-30,7.071636846781623
2023-07-03,4.479206905798226
2023-07-05,5.6220673663259495
2023-07-06,6.884129203628721
2023-07-07,7.4784121777068755
2023-07-10,8.296788276289957
2023-07-11,7.189729054398107
2023-07-12,7.953781684861874
2023-07-13,5.712841011821957
2023-07-14,7.757669577365285
2023-07-17,5.650318959233897
2023-07-18,6.170528791069433
2023-07-19,7.418107672228302
2023-07-20,7.031972239667504
2023-07-21,7.161394603799552
2023-07-24,6.5828268380897805
2023-07-25,5.160760792758452
2023-07-26,9.573243471768171
2023-07-27,9.70629160308212
2023-07-28,7.972358577015272
2023-07-31,7.113899173353627
2023-08-01,6.162103664961906
2023-08-02,8.701093188700913
2023-08-03,8.884878621788179
2023-08-04,10.888602832693955
2023-08-07,8.265421759761434
2023-08-08,8.898284490606713
2023-08-09,8.59010455406035
2023-08-10,13.820876723365025
2023-08-11,10.648078878011514
2023-08-14,8.003530002081067
2023-08-15,8.400203232642504
2023-08-16,10.444616238948447
2023-08-17,10.457100300593419
2023-08-18,10.698706501724061
2023-08-21,8.593253933709535
2023-08-22,9.963184598556095
2023-08-23,7.369132531296688
2023-08-24,11.267192750193313
2023-08-25,16.91776046658169
2023-08-28,10.096150985486464
2023-08-29,8.988679396855435
2023-08-30,9.509542778060592
2023-08-31,8.020999403900332
2023-09-01,9.47549759816441
2023-09-05,6.884301680355226
2023-09-06,8.005359697101644
2023-09-07,8.294243220860913
2023-09-08,7.865305264456023
2023-09-11,6.494894221128243
2023-09-12,6.7058222467166955
2023-09-13,8.545152906950715
2023-09-14,6.341869354308943
2023-09-15,8.683533101527788
2023-09-18,7.018768211588039
2023-09-19,7.623652738457951
2023-09-20,11.392634052006493
2023-09-21,8.980085474217612
2023-09-22,10.359096802853115
2023-09-25,10.455747660915124
2023-09-26,10.152149935846019
2023-09-27,11.699042070868426
2023-09-28,13.35156263902742
2023-09-29,14.08037127453412
2023-10-02,14.076008074013096
2023-10-03,13.323030441777977
2023-10-04,13.103456728364874
2023-10-05,11.67260874192953
2023-10-06,14.093088820572413
2023-10-09,10.385957219780325
2023-10-10,10.56521851285256
2023-10-11,9.34419853369482
2023-10-12,11.747522927591362
2023-10-13,14.470991564650479
2023-10-16,10.78626400503445
2023-10-17,11.739767110354062
2023-10-18,13.831189859669566
2023-10-19,18.099483982855855
2023-10-20,13.445052762338495
2023-10-23,12.32258578531806
2023-10-24,11.295620822661961
2023-10-25,12.931596116805185
2023-10-26,14.276732863783046
2023-10-27,14.375476491860848
2023-10-30,10.900838579656186
2023-10-31,11.093484006526591
2023-11-01,14.030691210835952
2023-11-02,8.106095382636612
2023-11-03,8.878523474496424
2023-11-06,7.445213200085056
2023-11-07,7.2125286200429715
2023-11-08,7.341910441039722
2023-11-09,10.726926433536049
2023-11-10,8.343265475434142
2023-11-13,7.129322620380505
2023-11-14,9.386603194666973
2023-11-15,8.34123043752614
2023-11-16,8.795600730335819
2023-11-17,6.57334877304458
2023-11-20,5.600593041096737
2023-11-21,5.892820558775584
2023-11-22,7.742325667897414
2023-11-24,4.314158127405862
2023-11-27,6.464052736177067
2023-11-28,6.41126883826439
2023-11-29,6.833104396789574
2023-11-30,8.394108096526631
2023-12-01,9.181609567351193
2023-12-04,6.82009726774505
2023-12-05,9.033934350468183
2023-12-06,7.109609941052026
2023-12-07,6.761833625162636
2023-12-08,9.898297009202729
2023-12-11,5.975566747712456
2023-12-12,6.292470017777705
2023-12-13,7.865971596221791
2023-12-14,9.149543293267854
2023-12-15,8.070856656260847
2023-12-18,4.563126934673587
2023-12-19,4.8573902633779
2023-12-20,6.843882057736003
2023-12-21,10.69813951067442
2023-12-22,8.32861767871245
2023-12-26,3.8775337885647283
2023-12-27,5.361618041971886
2023-12-28,4.866910211329143
2023-12-29,6.612972762772183
2024-01-02,7.145482139413249
2024-01-03,8.753253509432552
2024-01-04,7.519579945452117
2024-01-05,10.446134660311806
2024-01-08,6.631243905011665
2024-01-09,7.278024798592455
2024-01-10,6.208169549320339
2024-01-11,12.027887951556567
2024-01-12,8.998804956287906
2024-01-16,9.9745922974651
2024-01-17,7.49896256350792
2024-01-18,8.632585630994631
2024-01-19,8.239238777103159
2024-01-22,6.648289303452369
2024-01-23,5.008839805502744
2024-01-24,7.250088192573879
2024-01-25,7.944338984533711
2024-01-26,7.200177622572988
2024-01-29,5.18979869502904
2024-01-30,5.438888649078943
2024-01-31,10.14677985025581
2024-02-01,9.581859091919751
2024-02-02,10.5739251812262
2024-02-05,7.007158820085622
2024-02-06,7.738734775853532
2024-02-07,7.7257466677934605
2024-02-08,5.446141379544113
2024-02-09,5.896840644795421
2024-02-12,5.312336223717809
2024-02-13,9.826729927550023
2024-02-14,8.498714523153563
2024-02-15,7.43899886233861
2024-02-16,8.663757900006207
2024-02-20,8.107083758332768
2024-02-21,7.40923235677962
2024-02-22,7.469559395833649
2024-02-23,7.814770260146735
2024-02-26,5.9690404013636655
2024-02-27,5.151127445599213
2024-02-28,5.599345879409168
2024-02-29,7.468760040248575
2024-03-01,6.572068307680403
2024-03-04,4.669298484913542
2024-03-05,8.033863344820432
2024-03-06,11.338826990654645
2024-03-07,6.712915462142946
2024-03-08,11.386246818649058
2024-03-11,8.540545922408532
2024-03-12,9.951376308674709
2024-03-13,7.626579129449517
2024-03-14,10.105940293060772
2024-03-15,9.894431037709214
2024-03-18,6.491303871004702
2024-03-19,7.033692087767696
2024-03-20,11.121457008895659
2024-03-21,6.146063200355513
2024-03-22,5.6847586384577165
2024-03-25,4.298389347913501
2024-03-26,4.51452614993181
2024-03-27,6.084107751335451
2024-03-28,5.9370633233098555
2024-04-01,6.109846099352398
2024-04-02,6.3604016761468705
2024-04-03,7.548844043826733
2024-04-04,11.672206865648679
2024-04-05,11.3950348280384
2024-04-08,7.502511512483201
2024-04-09,10.4461710016839
2024-04-10,14.715626246987407
2024-04-11,10.193560022340293
2024-04-12,10.974083932886515
2024-04-15,13.96354766675229
2024-04-16,15.803858365697476
2024-04-17,14.303011412568958
2024-04-18,12.201557999998041
2024-04-19,14.191364465674683
2024-04-22,9.7135103773638
2024-04-23,9.462939137521992
2024-04-24,9.085159519251174
2024-04-25,10.43511516491334
2024-04-26,8.48293445275483
2024-04-29,7.197329813451665
2024-04-30,9.382267285674445
2024-05-01,16.858579145787512
2024-05-02,11.281650605288492
2024-05-03,10.424978100581747
2024-05-06,4.972790417917854
2024-05-07,6.0638433393944595
2024-05-08,5.492103877542241
2024-05-09,5.393185142213473
2024-05-10,6.3523402528237005
2024-05-13,4.539817243089045
2024-05-14,6.004388840439782
2024-05-15,5.542489402144319
2024-05-16,6.165598916321134
2024-05-17,4.797642828697711
2024-05-20,4.718912840969555
2024-05-21,3.8577244123945316
2024-05-22,7.120489974732404
2024-05-23,9.862188044528793
2024-05-24,7.418390259236066
2024-05-28,6.788992199905175
2024-05-29,6.942872688763102
2024-05-30,6.9506841424658825
2024-05-31,9.039115097458888
2024-06-03,10.290800141567304
2024-06-04,9.783821120362566
2024-06-05,5.969462747237672
2024-06-06,6.150528731616267
2024-06-07,8.749900491787137
2024-06-10,5.8946344198917195
2024-06-11,6.665470996827539
2024-06-12,10.687155191231223
2024-06-13,7.655035640647441
2024-06-14,7.062076621303234
2024-06-17,6.733662794961449
2024-06-18,5.638383000151615
2024-06-20,9.039177026016933
2024-06-21,7.680173831402974
2024-06-24,7.806481790988444
2024-06-25,6.310271901869689
2024-06-26,7.086703387747319
2024-06-27,7.320512696253541
2024-06-28,9.29314972584965
2024-07-01,8.963888514962294
2024-07-02,6.8145752670525255
2024-07-03,4.760015905534496
2024-07-05,5.668842774309166
2024-07-08,4.595832865371442
2024-07-09,4.891073876134378
2024-07-10,4.578429343538519
2024-07-11,9.570099273136991
2024-07-12,8.054949999177891
2024-07-15,8.980087015485823
2024-07-16,7.461083331926273
2024-07-17,8.789637232052918
2024-07-18,12.23240564881291
2024-07-19,11.163216647877187
2024-07-22,10.022621361736123
2024-07-23,8.461515373307114
2024-07-24,8.798163765327043
2024-07-25,15.186299193915676
2024-07-26,13.471329695979502
2024-07-29,10.519039007716069
2024-07-30,11.731382136396943
2024-07-31,14.371682973524265
2024-08-01,16.34347052558098
2024-08-02,19.648756163796122
2024-08-05,30.42979900477706
2024-08-06,18.69650451096481
2024-08-07,18.65056180383675
2024-08-08,15.37161769929966
2024-08-09,13.913580913324955
2024-08-12,12.363835394114577
2024-08-13,9.093174125431478
2024-08-14,9.803223880865337
2024-08-15,7.549950592281854
2024-08-16,7.6112385469217365
2024-08-19,6.887780134128067
2024-08-20,6.977379934005924
2024-08-21,10.028702646880538
2024-08-22,12.145767648864156
2024-08-23,14.580196899651177
2024-08-26,8.352582502435983
2024-08-27,6.776451350459027
2024-08-28,9.315789563253379
2024-08-29,12.392928097065777
2024-08-30,10.481327640011003
2024-09-03,10.626798217208759
2024-09-04,14.252170736542654
2024-09-05,12.052736109111688
2024-09-06,16.154295861544217
2024-09-09,9.251831663674142
2024-09-10,10.053128399112229
2024-09-11,15.010133456993435
2024-09-12,12.114174574757433
2024-09-13,8.855806365025872
2024-09-16,8.405070464541954
2024-09-17,9.901192047083422
2024-09-18,21.1148374861199
2024-09-19,9.753134147084316
2024-09-20,8.406364415251845
2024-09-23,7.4264877345020075
2024-09-24,6.989526637333738
2024-09-25,5.680302201486447
2024-09-26,7.4318666672611835
2024-09-27,6.6236274455965365
2024-09-30,7.860332497066732
2024-10-01,13.057698374056006
2024-10-02,8.716134999223321
2024-10-03,12.70516506596383
2024-10-04,10.923181523233701
2024-10-07,8.459717644943767
2024-10-08,7.345065583294409
2024-10-09,6.181344286230121
2024-10-10,7.701752922992938
2024-10-11,6.277385279821182
2024-10-14,4.901429712293552
2024-10-15,7.513196014654393
2024-10-16,5.5691362136599665
2024-10-17,8.144265884224797
2024-10-18,5.438339651782493
2024-10-21,6.514391110247478
2024-10-22,5.856506651151129
2024-10-23,7.809439039720367
2024-10-24,7.330912716666097
2024-10-25,8.542890689837195
2024-10-28,6.932983379680596
2024-10-29,7.197782045084663
2024-10-30,7.403695269635187
2024-10-31,10.326763266090937
2024-11-01,10.083945793076339
2024-11-04,8.980941902421565
2024-11-05,7.95826177191286
2024-11-06,10.032635457203211
2024-11-07,6.323167897480862
2024-11-08,4.984329440121763
2024-11-11,5.820005464870775
2024-11-12,6.719200932554788
2024-11-13,8.582879164276465
2024-11-14,8.441487809652202
2024-11-15,9.168169574080828
2024-11-18,6.926513379912357
2024-11-19,10.116336947860665
2024-11-20,9.997547615318373
2024-11-21,12.538068471203568
2024-11-22,9.733067657534656
2024-11-25,8.147677212971917
2024-11-26,6.259420999652273
2024-11-27,6.0456410492379264
2024-11-29,4.19442422285097
2024-12-02,4.485880568251344
2024-12-03,4.787240638783919
2024-12-04,4.578474110532451
2024-12-05,4.256547025763221
2024-12-06,5.303843803129523
2024-12-09,5.392547146364227
2024-12-10,5.016073211493879
2024-12-11,4.344104415895408
2024-12-12,5.828980742633982
2024-12-13,6.890654643795557
2024-12-16,4.509294899895628
2024-12-17,5.529762248331638
2024-12-18,10.415004237666508
2024-12-19,15.182630760236052
2024-12-20,15.20916486127354
2024-12-23,11.584749976175015
2024-12-24,6.4217178741640835
2024-12-26,7.6445013198771505
2024-12-27,12.093217215637997
2024-12-30,12.91360872652507
2024-12-31,12.33904059316523
2025-01-02,24.94239309478969
2025-01-03,10.229323475338246
2025-01-06,9.94218361085918
2025-01-07,12.684326225719426
2025-01-08,13.79991048028099
2025-01-10,15.918081245032361
2025-01-13,11.905618626707358
2025-01-14,11.867549113192199
2025-01-15,10.465507534009472
2025-01-16,10.058435628867459
2025-01-17,7.576657269386208
2025-01-21,8.498866656497944
2025-01-22,4.638322981289784
2025-01-23,4.7410367880569195
2025-01-24,5.703833712634909
2025-01-27,12.592831188242565
2025-01-28,9.38393549302245
2025-01-29,12.759253480935248
2025-01-30,9.601677988059869
2025-01-31,10.398354594257698
2025-02-03,17.995425207124164
2025-02-04,7.77711221729552
2025-02-05,7.607228227801468
2025-02-06,7.5321440500706816
2025-02-07,15.644375664792044
2025-02-10,5.6580000751057336
2025-02-11,5.586550741061683
2025-02-12,9.53885628408011
2025-02-13,8.416803328830897
2025-02-14,5.023874511688629
2025-02-18,6.007935225639651
2025-02-19,4.968378473531656
2025-02-20,7.393656667702989
2025-02-21,9.34333412307998
2025-02-24,10.55198380368305
2025-02-25,13.669194630681202
2025-02-26,12.1996639798556
2025-02-27,15.636844101705838
2025-02-28,17.776758651933747
2025-03-03,16.817807483864648
2025-03-04,19.89414931314311
2025-03-05,22.272383420185836
2025-03-06,19.583336670609455
2025-03-07,22.19090598363623
2025-03-10,19.381381328446977
2025-03-11,25.80093079846798
2025-03-12,18.606559358974803
2025-03-13,18.067974183959645
2025-03-14,14.645989524103975
2025-03-17,12.15675135145508
2025-03-18,13.288725599117429
2025-03-19,14.219034997357685
2025-03-20,12.826535544361597
2025-03-21,12.84472459070797
2025-03-24,7.554682253359898
2025-03-25,7.40231076949854
2025-03-26,10.580619045727063
2025-03-27,13.107063220339004
2025-03-28,12.691160527407652
2025-03-31,17.342830899174064
2025-04-01,15.706753519365876
2025-04-02,15.908052045286484
2025-04-03,21.092597741395096
2025-04-04,40.37854950704531
2025-04-07,89.15909990248784
2025-04-08,40.719883762655
2025-04-09,78.38463670219934
2025-04-10,51.49127770057992
2025-04-11,35.695138508425096
2025-04-14,24.54650391149498
2025-04-15,19.3882132811229
2025-04-16,20.045467154083767
2025-04-17,21.74698435246071
2025-04-21,14.578627784606448
2025-04-22,17.824926571755253
2025-04-23,27.5926869328995
2025-04-24,13.840941235977128
2025-04-25,16.606095870848925
2025-04-28,14.091330712985043
2025-04-29,13.182760418488018
2025-04-30,18.926370310854946
2025-05-01,14.118195327559421
2025-05-02,12.18385515284143
2025-05-05,9.93640536865375
2025-05-06,12.421300642431268
2025-05-07,19.715989788063723
2025-05-08,13.130334113784745
2025-05-09,11.041920777723451
2025-05-12,10.280330430598593
2025-05-13,8.744876176270742
2025-05-14,9.967017669132542
2025-05-15,9.513048272538455
2025-05-16,7.584062827223653
2025-05-19,8.417340799019954
2025-05-20,8.368838179897937
2025-05-21,14.948704141296826
2025-05-22,12.360918122152462
2025-05-23,13.238721980312402
2025-05-27,6.849360371815248
2025-05-28,7.834087926574981
2025-05-29,12.99041925765396
2025-05-30,13.245373456148602
2025-06-02,10.747517522436324
2025-06-03,7.359597089451765
2025-06-04,7.358850971946448
2025-06-05,13.467811718690736
2025-06-06,8.334445453655725
2025-06-09,5.842447911666354
2025-06-10,6.8693861595880925
2025-06-11,10.571035147662583
2025-06-12,7.691678374016836
2025-06-13,11.946374885300774
2025-06-16,7.309829043507754
2025-06-17,8.058442899815352
2025-06-18,11.133994098183653
2025-06-20,9.906838859530065
2025-06-23,10.708365063397903
2025-06-24,5.7927585549268725
2025-06-25,5.6997011341194375
2025-06-26,4.939926726151052
2025-06-27,7.655797897441112
2025-06-30,6.564383715662071
2025-07-01,7.542205070842289
2025-07-02,5.014690588480572
2025-07-03,4.008813191627487
2025-07-07,8.88456140807814
2025-07-08,7.3548278663853965
2025-07-09,6.470580604541498
2025-07-10,4.783214684194754
2025-07-11,6.382021881989034
2025-07-14,5.71981575402861
2025-07-15,7.253004143783628
2025-07-16,12.38036433806309
2025-07-17,4.888097396350983
2025-07-18,5.552595312476977
2025-07-21,4.46457618015901
2025-07-22,6.879590947414278
2025-07-23,6.154733351592748
2025-07-24,5.459102700528115
2025-07-25,3.770200586550226
2025-07-28,4.387000797751876
2025-07-29,5.8166632338854525
2025-07-30,9.011909014312675
2025-07-31,10.854807021928616
2025-08-01,14.40307223254955
2025-08-04,6.66287202173092
2025-08-05,9.38783589222424
2025-08-06,8.379329573370196
2025-08-07,11.365054267620167
2025-08-08,6.123205666493853
2025-08-11,6.4275885584243255
2025-08-12,8.261659074926136
2025-08-13,6.333540107070047
2025-08-14,7.250482639600861
2025-08-15,7.0784346143746655
2025-08-18,5.795170467080367
2025-08-19,7.615037988001556
2025-08-20,10.80264889071639
2025-08-21,10.72472394104707
2025-08-22,14.413366664800614
2025-08-25,5.089415638290116
2025-08-26,5.854864124663947
2025-08-27,5.011318975219173
2025-08-28,6.873070987153785
2025-08-29,7.716993295047832
2025-09-02,9.7590795995888
2025-09-03,8.444826047184552
2025-09-04,6.012484600276348
2025-09-05,12.738422856318577
2025-09-08,6.2517294174814095
2025-09-09,5.6895326657901935
2025-09-10,6.466149705924345
2025-09-11,5.119750431364609
2025-09-12,4.317064566122279
2025-09-15,4.057564612699592
2025-09-16,4.350065983257149
2025-09-17,13.094757677762658
2025-09-18,7.000474037327558
2025-09-19,5.244343053435586
2025-09-22,4.0480888759650755
2025-09-23,6.124518744683296
2025-09-24,6.457812726600265
2025-09-25,9.439500724915307
2025-09-26,8.794747967006481
2025-09-29,5.4967937634251385
2025-09-30,7.120538439273413
2025-10-01,6.152543788399571
2025-10-02,6.133809310536787
2025-10-03,7.068476076552941
2025-10-06,4.756599604747441
2025-10-07,7.381866145773337
2025-10-08,4.749334134540717
2025-10-09,6.828689618956001
2025-10-10,20.779568582087794
2025-10-13,10.90986643948438
2025-10-14,13.249921992406897
2025-10-15,13.079602358657846
2025-10-16,17.664958735705035
2025-10-17,16.069703324142086
2025-10-20,5.473329093148774
2025-10-21,6.7256029174034895
2025-10-22,13.90231680600887
2025-10-23,7.423241264890174
2025-10-24,6.356490016027242
2025-10-27,4.565932518416327
2025-10-28,5.985968868905625
2025-10-29,13.314465242009103
2025-10-30,10.682221355072985
2025-10-31,9.630556309852697
2025-11-03,8.175231769573141
2025-11-04,9.852487814705295
2025-11-05,7.972735302597762
2025-11-06,13.155939806737782
2025-11-07,14.011664494199627
2025-11-10,7.560037742262754
2025-11-11,7.546432409369321
2025-11-12,8.110785460256603
2025-11-13,12.265696498272057
2025-11-14,14.446786591808266
2025-11-17,12.741994807819774
2025-11-18,20.463255344531298
2025-11-19,12.730206680184011
2025-11-20,22.171897614114368
2025-11-21,19.55784710993999
2025-11-24,10.25049043249536
2025-11-25,11.526704366960951
2025-11-26,7.926417945173016
2025-11-28,5.432671445438777
2025-12-01,7.986680449980817
2025-12-02,8.842475677328725
2025-12-03,7.943708634802816
2025-12-04,8.451739381313434
2025-12-05,7.280191832395014
2025-12-08,6.398093480322031
2025-12-09,5.582004842535812
2025-12-10,10.650013990970292
2025-12-11,8.780368135591281
2025-12-12,11.612662828604568
2025-12-15,11.224050434243905
2025-12-16,13.284977957502806
2025-12-17,11.657291282283474
2025-12-18,11.076137072517295
2025-12-19,7.917718989572349
2025-12-22,4.79410998744709
2025-12-23,5.615985234411525
2025-12-24,3.09729664780692
2025-12-26,4.687133239007362
2025-12-29,5.901290099909809
2025-12-30,4.296708525004997
2025-12-31,4.999919819033105
2026-01-02,11.405224738704273
2026-01-05,5.932605258046007
2026-01-06,4.976855334316826
2026-01-07,6.178475283476124
2026-01-08,7.493747868625881
2026-01-09,7.900457477057621
2026-01-12,5.098653450689465
2026-01-13,8.209931486761391
2026-01-14,9.99789436472617
2026-01-15,6.7728988410261
2026-01-16,6.675970793865591
2026-01-20,11.506735049133136
2026-01-21,14.496265609480302
2026-01-22,7.606802916338337
2026-01-23,7.068833571710305
2026-01-26,5.413273786816062
2026-01-27,4.36884348719394
2026-01-28,7.719524934038446
2026-01-29,12.061836650140151
2026-01-30,13.993018594464877
2026-02-02,7.796440921442799
2026-02-03,12.90045745369753
2026-02-04,16.780179604562427
2026-02-05,16.03863405433654
2026-02-06,11.436497797310572
2026-02-09,8.063581905084744
2026-02-10,8.500985034986856
2026-02-11,11.174255261329991
2026-02-12,13.808202389742528
2026-02-13,17.6457877462632
2026-02-17,15.86428863275481
2026-02-18,9.06699451829672
2026-02-19,12.241570256524149
2026-02-20,19.32369280336794
2026-02-23,10.16545004846455
2026-02-24,8.898069003503858
2026-02-25,5.150199121503042
2026-02-26,11.272684101094075
2026-02-27,10.91958209382788
2026-03-02,11.317602545167139
2026-03-03,16.792829174359888
2026-03-04,11.585820031311064
2026-03-05,14.877209790754353
2026-03-06,16.594910508172003
2026-03-09,18.10124801999147
2026-03-10,15.423474155267627
2026-03-11,12.979191941578213
2026-03-12,15.53963597216299
2026-03-13,14.291751219900062
2026-03-16,12.330498913524343
2026-03-17,9.383178620443596
2026-03-18,12.130354170452808
2026-03-19,16.59656098065523
2026-03-20,14.571932154909284
2026-03-23,15.288365592378128
2026-03-24,16.371369691333484
2026-03-25,12.72083214611868
2026-03-26,10.932961306418774
2026-03-27,13.068139030281003
2026-03-30,11.991427905872284
2026-03-31,17.589532411007188
2026-04-01,10.506935772210586
2026-04-02,17.58027898798027
2026-04-06,11.100233122011135
2026-04-07,14.501515346059596
2026-04-08,9.864611852616656
2026-04-09,9.13096878827537
2026-04-10,6.730760021063542
2026-04-13,8.809616453193453
2026-04-14,5.405613591339009
2026-04-15,6.7851705227136945
2026-04-16,7.919521409994699
2026-04-17,8.549487851987926
2026-04-20,6.453581399853539
2026-04-21,9.907486099065894
2026-04-22,6.635484807112414
2026-04-23,11.54489118580361
2026-04-24,7.455505679388227
2026-04-27,5.28176152871062
2026-04-28,7.09216409499243
2026-04-29,7.6341036956849075
2026-04-30,8.631441929593453
2026-05-01,7.330490878741772
2026-05-04,8.696351687836332
2026-05-05,5.301798750003592
2026-05-06,6.2725167199311125
2026-05-07,9.081609767727004
2026-05-08,5.789281803411037
2026-05-11,5.6221435601634795
2026-05-12,7.757923437255227
2026-05-13,6.268825861533918
2026-05-14,6.944299948667393
2026-05-15,10.654356433990255
2026-05-18,14.47857046549256
2026-05-19,11.08328104740696
2026-05-20,11.820462306456825
2026-05-21,11.888996449074947
2026-05-22,7.841759534585763
2026-05-26,6.059996420778221
2026-05-27,7.647341318745558
2026-05-28,7.829764197083493
2026-05-29,6.912514241579015
2026-06-01,6.569599740384387
2026-06-02,3.9058881400915393
2026-06-03,7.084235106453026
2026-06-04,6.123624452053503
2026-06-05,12.707789645618991
2026-06-08,12.658109499657785
2026-06-09,22.82515238411575
2026-06-10,20.252787501184486
2026-06-11,21.243626994981295
2026-06-12,16.650216047555276
2026-06-15,6.420233059600114
2026-06-16,7.406227844873352
2026-06-17,17.813129621351226
2026-06-18,10.28679075311723
2026-06-22,9.590905254322067
2026-06-23,11.435475082634447
2026-06-24,13.774841608896466
2026-06-25,16.38457016363151
2026-06-26,15.814557899590213
2026-06-29,10.11234423888094
2026-06-30,7.352257802758369
2026-07-01,6.876958879373965
2026-07-02,11.81647378256919
2026-07-06,6.589854168596202
2026-07-07,7.242175972914497
2026-07-08,9.577144969848165
2026-07-09,7.231479161015643
2026-07-10,9.830429520385982
2026-07-13,8.735213916621568
2026-07-14,8.106598755130701
2026-07-15,8.383206576110336
2026-07-16,8.477861754351082
2026-07-17,10.778897009026176
2026-07-20,9.148085770141067
2026-07-21,5.982431690678925
2026-07-22,5.633922811856689
2026-07-23,10.925022877626027
2026-07-24,10.473774261323474
2026-07-27,11.131166398390837
2026-07-28,10.34726782403004
2026-07-29,15.056203369280732
2026-07-30,9.722263444683685
2026-07-31,11.040918185610098
2026-08-03,5.397612994824123
2026-08-04,6.983850744205572
2026-08-05,9.642720116117898
2026-08-06,7.982957090766357
2026-08-07,7.684857908557759
2026-08-10,6.304517213263192
2026-08-11,5.492486215360919
2026-08-12,5.7944008284349025
2026-08-13,5.5727508695208465
2026-08-14,4.305536901871522
2026-08-17,4.403394850390271
2026-08-18,6.4087648092437695
2026-08-19,7.302604121135168
2026-08-20,7.594027530417202
2026-08-21,5.423266235442128
2026-08-24,6.19588441783408
2026-08-25,4.936495626663221
2026-08-26,5.6929492086260804
2026-08-27,7.392496208453486
2026-08-28,9.329091271874255
2026-08-31,6.201464352708193
